{"stats":{"minecraft:mined":{"minecraft:dirt":2},"minecraft:used":{"minecraft:porkchop":3,"minecraft:andesite":1},"minecraft:custom":{"minecraft:time_since_rest":4891,"minecraft:open_chest":7,"minecraft:waystone_activated":1,"minecraft:crouch_one_cm":1782,"minecraft:play_time":4891,"minecraft:sprint_one_cm":12649,"minecraft:damage_taken":244,"minecraft:walk_one_cm":15006,"minecraft:sneak_time":551,"minecraft:mob_kills":2,"minecraft:drop":1,"minecraft:jump":113,"minecraft:damage_dealt":199,"minecraft:time_since_death":4891,"minecraft:total_world_time":4891,"minecraft:fall_one_cm":1493,"minecraft:fly_one_cm":12776},"minecraft:picked_up":{"spore:cerebrum":1,"minecraft:andesite":1,"minecraft:porkchop":3},"minecraft:killed":{"minecraft:pig":2},"minecraft:dropped":{"spore:cerebrum":1}},"DataVersion":3465}