{"stats":{"minecraft:mined":{"minecraft:attached_melon_stem":1,"minecraft:white_bed":16,"minecraft:farmland":2,"spore:infested_cobblestone":1,"create:andesite_casing":25,"minecraft:cobblestone_stairs":23,"minecraft:red_nether_bricks":1,"minecraft:obsidian":16,"spore:calcified_biomass_block":3,"minecraft:acacia_log":24,"minecraft:grass_block":35,"spore:fungal_stem":11,"minecraft:hopper":1,"spore:infested_dirt":2,"spore:mycelium_veins":41,"minecraft:red_nether_brick_stairs":1,"minecraft:cobbled_deepslate":13,"minecraft:fire":11,"spore:growth_mycelium":1,"minecraft:nether_brick_stairs":5,"minecraft:sculk_shrieker":1,"create_new_age:heat_pump":1,"minecraft:dirt_path":1,"create:mechanical_press":4,"minecraft:orange_bed":2,"minecraft:deepslate_redstone_ore":3,"create:cogwheel":1,"minecraft:cut_sandstone":1,"create:steam_engine":1,"minecraft:kelp_plant":2,"minecraft:melon_stem":4,"minecraft:soul_fire":16,"spore:growths_big":4,"minecraft:torch":3,"extermination:blood_harvest":7,"minecraft:blast_furnace":1,"minecraft:melon":2,"minecraft:chest":5,"minecraft:glass":1,"minecraft:cobblestone":121,"minecraft:sugar_cane":8,"minecraft:oak_planks":3,"create:large_water_wheel":1,"minecraft:seagrass":25,"minecraft:fire_coral_fan":1,"minecraft:wheat":46,"minecraft:brown_wall_banner":1,"minecraft:cracked_deepslate_tiles":1,"minecraft:grass":28,"create:hand_crank":2,"minecraft:acacia_fence":1,"minecraft:dirt":54,"minecraft:sand":5,"minecraft:smooth_quartz":3,"minecraft:stonecutter":2,"minecraft:netherrack":1,"minecraft:deepslate":17,"spore:remains":1,"spore:wall_growths_big":3,"minecraft:mossy_cobblestone":2,"create:fluid_tank":10,"gravestone:gravestone":12,"minecraft:nether_bricks":3,"create:depot":3,"spore:sicken_biomass_block":3,"minecraft:kelp":38,"spore:growths_small":5,"minecraft:cracked_nether_bricks":1,"minecraft:hay_block":73,"spore:overgrown_spawner":1,"create:shaft":10,"minecraft:furnace":2,"spore:blomfung":5,"minecraft:andesite":2,"minecraft:nether_brick_fence":1,"minecraft:cobblestone_slab":3,"minecraft:stone":34,"minecraft:glass_pane":1,"minecraft:soul_sand":4,"travelersbackpack:standard":1,"minecraft:crafting_table":1,"create:fluid_pipe":2,"minecraft:sculk_sensor":2,"create:water_wheel":1,"minecraft:tall_grass":7,"minecraft:copper_ore":18,"spore:membrane_block":3,"minecraft:sculk":7,"create:mechanical_saw":2,"create:water_wheel_structure":1,"create:blaze_burner":28,"minecraft:bubble_coral":1,"spore:bloomfung2":3,"create:gearbox":11,"create:turntable":2,"create:mechanical_drill":9,"spore:fungal_stem_top":3,"minecraft:coal_ore":10,"create:mechanical_bearing":5,"minecraft:mycelium":4,"minecraft:gravel":21,"minecraft:fern":5},"minecraft:broken":{"minecraft:diamond_helmet":1,"minecraft:diamond_boots":1,"minecraft:diamond_chestplate":1,"minecraft:diamond_leggings":1,"minecraft:shield":1},"minecraft:custom":{"minecraft:interact_with_crafting_table":46,"minecraft:open_barrel":23,"minecraft:leave_game":2,"minecraft:time_since_death":443,"minecraft:damage_resisted":28396,"minecraft:sprint_one_cm":969481,"minecraft:damage_blocked_by_shield":2806,"minecraft:drop":190,"minecraft:talked_to_villager":1,"minecraft:play_time":342879,"minecraft:deaths":15,"minecraft:jump":7416,"minecraft:walk_on_water_one_cm":37560,"minecraft:interact_with_furnace":25,"minecraft:sleep_in_bed":13,"minecraft:waystone_activated":4,"minecraft:damage_dealt":36895,"minecraft:player_kills":1,"minecraft:crouch_one_cm":109376,"minecraft:mob_kills":182,"minecraft:inspect_hopper":1,"minecraft:climb_one_cm":2950,"minecraft:walk_one_cm":557436,"minecraft:sneak_time":25100,"minecraft:walk_under_water_one_cm":42215,"minecraft:boat_one_cm":263623,"minecraft:interact_with_blast_furnace":8,"minecraft:total_world_time":342879,"minecraft:time_since_rest":470,"minecraft:damage_taken":11979,"minecraft:damage_absorbed":64,"minecraft:swim_one_cm":71904,"minecraft:fly_one_cm":1978488,"minecraft:open_chest":165,"minecraft:fall_one_cm":195375},"minecraft:used":{"minecraft:poppy":4,"create:portable_storage_interface":2,"minecraft:chest":31,"minecraft:shield":37,"minecraft:stone":5,"minecraft:grass":1,"create:mechanical_bearing":6,"create:fluid_tank":19,"create:cogwheel":2,"create:depot":4,"minecraft:obsidian":29,"minecraft:glass":2,"minecraft:lava_bucket":1,"minecraft:villager_spawn_egg":12,"minecraft:grass_block":21,"minecraft:bow":3,"create:shaft":41,"create:steam_engine":2,"minecraft:oak_sapling":15,"minecraft:furnace":4,"create:mechanical_drill":10,"minecraft:acacia_fence":1,"minecraft:egg":1,"minecraft:oak_planks":4,"minecraft:diamond_axe":155,"minecraft:sugar_cane":24,"create:mechanical_saw":6,"minecraft:sand":5,"spore:rapier":110,"minecraft:blast_furnace":2,"create_new_age:heat_pump":1,"minecraft:black_bed":1,"biomancy:flesh_fence":2,"waystones:waystone":4,"minecraft:bread":171,"create:andesite_casing":4,"minecraft:gravel":7,"minecraft:fire_charge":2,"create:basin":1,"minecraft:andesite":1,"minecraft:oak_boat":3,"create:vertical_gearbox":15,"minecraft:experience_bottle":2,"create:large_cogwheel":1,"minecraft:flint_and_steel":28,"minecraft:redstone":14,"cataclysm:coral_bardiche":2,"spore:infected_spear":351,"minecraft:orange_bed":2,"minecraft:torch":12,"create:turntable":2,"create:mechanical_pump":1,"minecraft:dirt":257,"minecraft:anvil":1,"create:mechanical_mixer":1,"minecraft:hopper":3,"minecraft:diamond_helmet":1,"minecraft:oak_fence_gate":16,"create:chute":1,"minecraft:iron_hoe":77,"minecraft:iron_block":1,"create:gearbox":6,"minecraft:smooth_quartz":1,"spore:infested_cobblestone":1,"create:fluid_pipe":5,"minecraft:cobbled_deepslate":9,"minecraft:enchanted_golden_apple":1,"create:handheld_worldshaper":3,"minecraft:water_bucket":102,"minecraft:cobblestone_stairs":182,"create:empty_blaze_burner":9,"minecraft:red_nether_bricks":1,"minecraft:iron_golem_spawn_egg":6,"minecraft:stonecutter":2,"minecraft:cobblestone_slab":29,"create:blaze_burner":29,"minecraft:crafting_table":5,"minecraft:white_bed":47,"minecraft:oak_log":21,"minecraft:diamond_pickaxe":463,"minecraft:diamond_shovel":141,"create:mechanical_press":5,"minecraft:suspicious_stew":1,"minecraft:map":2,"create:water_wheel":2,"create:large_water_wheel":3,"minecraft:cobblestone":1753,"minecraft:potion":2,"travelersbackpack:standard":3,"minecraft:bucket":100,"create:hand_crank":8,"minecraft:kelp":5},"minecraft:picked_up":{"extermination:tripod_arm":2,"spore:mutated_heart":13,"minecraft:wheat":30,"spore:calcified_biomass_block":3,"minecraft:anvil":1,"spore:sicken_biomass_block":3,"spore:infested_dirt":2,"minecraft:string":6,"minecraft:raw_copper":52,"minecraft:red_nether_bricks":5,"spore:corrosive_sack":1,"create:water_wheel":1,"minecraft:diamond_leggings":1,"create:mechanical_press":4,"minecraft:cobbled_deepslate":26,"arthropocolypse:beetle_fragment":3,"minecraft:cobblestone_slab":4,"minecraft:smooth_quartz":6,"minecraft:melon_slice":28,"extermination:blood_harvest":17,"minecraft:furnace":2,"minecraft:acacia_fence":1,"minecraft:torch":4,"minecraft:acacia_log":22,"create:andesite_casing":25,"minecraft:porkchop":5,"extermination:scrap_metal":11,"minecraft:orange_bed":2,"minecraft:rotten_flesh":17,"minecraft:iron_block":2,"minecraft:blaze_rod":4,"minecraft:obsidian":16,"minecraft:cobblestone":260,"minecraft:feather":3,"create:fluid_tank":10,"minecraft:andesite":3,"cataclysm:coral_bardiche":1,"minecraft:potato":1,"minecraft:flint":2,"extermination:tripod_horn":1,"artifacts:pickaxe_heater":2,"minecraft:map":1,"minecraft:dirt":95,"artifacts:shock_pendant":1,"minecraft:bone":19,"minecraft:glass":6,"minecraft:acacia_planks":8,"minecraft:stonecutter":2,"minecraft:wheat_seeds":96,"create:mechanical_drill":9,"create:shaft":10,"minecraft:oak_planks":3,"spore:cerebrum":5,"create:cogwheel":2,"spore:armor_fragment":18,"create:empty_blaze_burner":9,"minecraft:sand":5,"minecraft:nether_brick_stairs":5,"minecraft:grass_block":4,"minecraft:mossy_cobblestone":2,"cataclysm:lionfish":3,"spore:claw_fragment":25,"waystones:waystone":3,"minecraft:crossbow":1,"minecraft:emerald":1,"spore:spine_fragment":5,"create:copper_sheet":2,"minecraft:crafting_table":1,"minecraft:chicken":4,"gravestone:obituary":10,"create:fluid_pipe":2,"create_new_age:heat_pump":1,"spore:infested_cobblestone":1,"minecraft:beef":4,"minecraft:oak_boat":2,"spore:membrane_block":3,"minecraft:poppy":9,"minecraft:chest":3,"minecraft:sugar_cane":24,"minecraft:egg":2,"spore:wing_membrane":1,"extermination:alien_battery":6,"create:hand_crank":7,"minecraft:redstone":14,"create:steam_engine":1,"create:vertical_gearbox":9,"minecraft:arrow":2,"minecraft:nether_bricks":3,"minecraft:diamond_boots":1,"minecraft:hay_block":129,"create:depot":3,"minecraft:cracked_deepslate_tiles":1,"minecraft:filled_map":2,"minecraft:yellow_bed":1,"create:blaze_burner":19,"minecraft:gunpowder":11,"minecraft:cobblestone_stairs":20,"minecraft:kelp":35,"minecraft:iron_ingot":20,"spore:mutated_fiber":61,"minecraft:soul_sand":4,"minecraft:iron_sword":1,"create:mechanical_saw":2,"create:mechanical_bearing":5,"create:large_water_wheel":1,"minecraft:cracked_nether_bricks":1,"minecraft:gravel":9,"minecraft:blast_furnace":1,"minecraft:white_bed":17,"create:turntable":2,"minecraft:spider_eye":1,"create:gearbox":3,"travelersbackpack:standard":5,"minecraft:slime_ball":3,"extermination:alien_decoder":1,"minecraft:brown_banner":1,"minecraft:melon_seeds":15,"minecraft:coal":16,"minecraft:ender_pearl":2},"minecraft:crafted":{"minecraft:oak_planks":260,"minecraft:barrel":10,"minecraft:cobblestone_stairs":40,"create:mechanical_bearing":1,"create:vertical_gearbox":4,"minecraft:glass":11,"spore:fleshy_claw":4,"minecraft:chest":21,"minecraft:copper_block":1,"create:cogwheel":18,"create:turntable":1,"minecraft:oak_slab":90,"create:depot":1,"minecraft:crafting_table":4,"spore:rapier":1,"create:mechanical_saw":4,"minecraft:acacia_slab":6,"create:fluid_pipe":8,"minecraft:copper_ingot":96,"create:mechanical_mixer":1,"create:gearbox":7,"minecraft:shield":1,"create:portable_storage_interface":2,"create:super_glue":1,"create:mechanical_pump":1,"minecraft:iron_ingot":54,"minecraft:gold_ingot":9,"create:large_cogwheel":11,"create:empty_blaze_burner":9,"create:chute":4,"create:steam_engine":1,"minecraft:iron_nugget":18,"minecraft:flint_and_steel":1,"create:fluid_tank":9,"create:basin":1,"minecraft:wheat":128,"spore:living_core":1,"create:hand_crank":1,"create:goggles":1,"minecraft:bucket":1,"minecraft:bread":45,"minecraft:air":0,"create:whisk":1,"create:mechanical_drill":1,"create:shaft":64,"minecraft:acacia_planks":84},"minecraft:killed":{"minecraft:spider":4,"minecraft:skeleton":19,"minecraft:chicken":3,"minecraft:illusioner":1,"spore:delusioner":1,"spore:spitter":1,"artifacts:mimic":1,"minecraft:pig":2,"spore:inf_player":5,"spore:inf_wanderer":1,"minecraft:zombie_villager":1,"minecraft:iron_golem":2,"spore:inf_drowned":1,"minecraft:creeper":10,"spore:inf_villager":16,"minecraft:pillager":16,"spore:mound":1,"cataclysm:deepling_brute":2,"spore:inf_human":17,"minecraft:zombie":14,"cataclysm:deepling":1,"spore:knight":2,"minecraft:cow":7,"minecraft:blaze":6,"minecraft:vindicator":2,"minecraft:slime":8,"spore:inquisitor":3,"spore:verva":1,"arthropocolypse:millipede_head":1,"arthropocolypse:wharf_roach":1,"minecraft:drowned":1,"arthropocolypse:prairie_grasshopper":3,"minecraft:squid":1,"spore:brot":1,"spore:inf_pillager":18,"spore:busser":3,"minecraft:villager":2,"minecraft:enderman":2},"minecraft:killed_by":{"minecraft:creeper":2,"spore:inquisitor":2,"minecraft:illusioner":1,"minecraft:player":3,"spore:busser":2,"spore:usurper":1},"minecraft:dropped":{"minecraft:iron_sword":1,"create:vertical_gearbox":1,"minecraft:glass_bottle":2,"minecraft:diamond":16,"cataclysm:lionfish":2,"minecraft:crossbow":1,"create:cogwheel":1,"minecraft:flint":1,"minecraft:emerald":1,"minecraft:dirt":251,"arthropocolypse:beetle_fragment":3,"gravestone:obituary":26,"minecraft:bone":4,"minecraft:iron_nugget":9,"minecraft:cobbled_deepslate":8,"minecraft:wheat":1,"minecraft:rotten_flesh":14,"create:turntable":1,"minecraft:white_bed":2,"minecraft:poppy":5,"minecraft:gunpowder":4,"minecraft:melon_seeds":2,"minecraft:red_nether_bricks":4,"minecraft:egg":1,"extermination:alien_battery":4,"minecraft:iron_ingot":1,"minecraft:bread":128,"minecraft:oak_slab":6,"minecraft:wheat_seeds":74,"minecraft:mossy_cobblestone":2,"minecraft:diamond_leggings":1,"minecraft:feather":1,"minecraft:iron_helmet":1,"minecraft:cobblestone":133,"spore:infected_spear":1,"minecraft:copper_ingot":3,"minecraft:grass_block":1,"minecraft:stick":12,"minecraft:melon_slice":28,"minecraft:diamond_helmet":1,"spore:sicken_biomass_block":3,"minecraft:iron_leggings":1,"spore:mutated_heart":11,"minecraft:string":2,"spore:claw_fragment":5,"minecraft:acacia_planks":8,"minecraft:kelp":23,"minecraft:bowl":1,"minecraft:chicken":3,"spore:cerebrum":5,"spore:mutated_fiber":3,"minecraft:nether_bricks":3,"spore:calcified_biomass_block":3,"spore:membrane_block":3,"extermination:scrap_metal":11,"minecraft:filled_map":3,"minecraft:hay_block":57,"minecraft:stone":2,"minecraft:shield":1,"minecraft:diamond_chestplate":2,"minecraft:diamond_pickaxe":1,"minecraft:andesite":2,"artifacts:eternal_steak":1,"minecraft:spider_eye":1,"minecraft:diamond_boots":3,"waystones:waystone":1,"spore:wing_membrane":1}},"DataVersion":3465}