{"stats":{"minecraft:killed_by":{"minecraft:creeper":2,"spore:inquisitor":2,"minecraft:illusioner":1,"spore:busser":2},"minecraft:picked_up":{"extermination:tripod_arm":1,"spore:mutated_heart":13,"minecraft:wheat":25,"spore:infested_dirt":2,"minecraft:string":6,"minecraft:raw_copper":52,"minecraft:red_nether_bricks":5,"spore:corrosive_sack":1,"create:water_wheel":1,"minecraft:diamond_leggings":1,"create:mechanical_press":4,"minecraft:cobbled_deepslate":4,"arthropocolypse:beetle_fragment":3,"minecraft:cobblestone_slab":4,"minecraft:smooth_quartz":6,"minecraft:melon_slice":10,"minecraft:furnace":2,"minecraft:acacia_fence":1,"create:andesite_casing":25,"minecraft:torch":2,"minecraft:acacia_log":12,"minecraft:porkchop":5,"extermination:scrap_metal":4,"minecraft:rotten_flesh":10,"minecraft:iron_block":1,"minecraft:blaze_rod":1,"minecraft:obsidian":16,"minecraft:cobblestone":187,"minecraft:feather":3,"create:fluid_tank":10,"minecraft:andesite":3,"minecraft:flint":2,"minecraft:map":1,"minecraft:dirt":34,"minecraft:glass":3,"minecraft:bone":17,"minecraft:acacia_planks":8,"minecraft:stonecutter":2,"minecraft:wheat_seeds":70,"create:mechanical_drill":9,"create:shaft":10,"minecraft:oak_planks":3,"spore:cerebrum":5,"create:cogwheel":2,"spore:armor_fragment":18,"create:empty_blaze_burner":9,"minecraft:sand":3,"minecraft:nether_brick_stairs":5,"minecraft:grass_block":4,"cataclysm:lionfish":3,"spore:claw_fragment":25,"waystones:waystone":1,"minecraft:crossbow":1,"minecraft:emerald":1,"spore:spine_fragment":5,"create:copper_sheet":2,"minecraft:crafting_table":1,"minecraft:chicken":4,"gravestone:obituary":4,"create:fluid_pipe":2,"create_new_age:heat_pump":1,"spore:infested_cobblestone":1,"minecraft:beef":4,"minecraft:oak_boat":2,"minecraft:poppy":9,"minecraft:sugar_cane":24,"minecraft:egg":1,"spore:wing_membrane":1,"extermination:alien_battery":2,"create:hand_crank":7,"create:steam_engine":1,"create:vertical_gearbox":8,"minecraft:nether_bricks":3,"minecraft:diamond_boots":1,"minecraft:hay_block":129,"create:depot":3,"minecraft:filled_map":2,"minecraft:yellow_bed":1,"minecraft:gunpowder":6,"create:blaze_burner":19,"minecraft:kelp":28,"minecraft:iron_ingot":12,"spore:mutated_fiber":58,"minecraft:iron_sword":1,"minecraft:soul_sand":4,"create:large_water_wheel":1,"minecraft:cracked_nether_bricks":1,"minecraft:gravel":9,"minecraft:blast_furnace":1,"minecraft:white_bed":17,"minecraft:spider_eye":1,"create:gearbox":3,"travelersbackpack:standard":2,"minecraft:brown_banner":1,"minecraft:melon_seeds":11,"minecraft:coal":16,"minecraft:ender_pearl":2},"minecraft:mined":{"minecraft:attached_melon_stem":1,"minecraft:white_bed":16,"minecraft:farmland":2,"spore:infested_cobblestone":1,"create:andesite_casing":25,"minecraft:red_nether_bricks":1,"minecraft:obsidian":16,"minecraft:acacia_log":14,"minecraft:grass_block":23,"spore:fungal_stem":11,"minecraft:hopper":1,"spore:infested_dirt":2,"spore:mycelium_veins":41,"minecraft:red_nether_brick_stairs":1,"minecraft:fire":8,"spore:growth_mycelium":1,"minecraft:nether_brick_stairs":5,"create_new_age:heat_pump":1,"minecraft:dirt_path":1,"create:mechanical_press":4,"create:cogwheel":1,"minecraft:cut_sandstone":1,"create:steam_engine":1,"minecraft:melon_stem":4,"minecraft:soul_fire":16,"spore:growths_big":4,"minecraft:blast_furnace":1,"minecraft:melon":2,"minecraft:chest":2,"minecraft:glass":1,"minecraft:cobblestone":56,"minecraft:oak_planks":3,"minecraft:sugar_cane":8,"create:large_water_wheel":1,"minecraft:seagrass":4,"minecraft:fire_coral_fan":1,"minecraft:wheat":37,"minecraft:brown_wall_banner":1,"minecraft:grass":23,"create:hand_crank":2,"minecraft:acacia_fence":1,"minecraft:smooth_quartz":3,"minecraft:sand":3,"minecraft:dirt":22,"minecraft:stonecutter":2,"minecraft:netherrack":1,"spore:remains":1,"minecraft:deepslate":4,"spore:wall_growths_big":3,"create:fluid_tank":10,"gravestone:gravestone":6,"minecraft:nether_bricks":3,"create:depot":3,"minecraft:kelp":25,"spore:growths_small":5,"minecraft:cracked_nether_bricks":1,"minecraft:hay_block":73,"spore:overgrown_spawner":1,"create:shaft":10,"minecraft:furnace":2,"spore:blomfung":5,"minecraft:andesite":2,"minecraft:nether_brick_fence":1,"minecraft:cobblestone_slab":3,"minecraft:stone":4,"minecraft:glass_pane":1,"minecraft:soul_sand":4,"minecraft:crafting_table":1,"create:fluid_pipe":2,"create:water_wheel":1,"minecraft:copper_ore":18,"minecraft:tall_grass":6,"create:water_wheel_structure":1,"create:blaze_burner":28,"minecraft:bubble_coral":1,"spore:bloomfung2":3,"create:gearbox":10,"create:mechanical_drill":9,"spore:fungal_stem_top":3,"minecraft:coal_ore":9,"minecraft:mycelium":4,"minecraft:gravel":21,"minecraft:fern":5},"minecraft:used":{"minecraft:poppy":4,"minecraft:shield":31,"minecraft:chest":25,"minecraft:grass":1,"create:fluid_tank":19,"create:cogwheel":2,"create:depot":4,"minecraft:obsidian":29,"minecraft:glass":2,"minecraft:lava_bucket":1,"minecraft:villager_spawn_egg":12,"minecraft:grass_block":11,"minecraft:bow":3,"create:shaft":28,"create:steam_engine":2,"minecraft:furnace":4,"create:mechanical_drill":10,"minecraft:acacia_fence":1,"minecraft:oak_planks":4,"minecraft:diamond_axe":122,"minecraft:sugar_cane":24,"minecraft:sand":3,"spore:rapier":30,"minecraft:blast_furnace":2,"create_new_age:heat_pump":1,"waystones:waystone":2,"minecraft:bread":125,"create:andesite_casing":4,"minecraft:gravel":7,"create:basin":1,"minecraft:andesite":1,"minecraft:oak_boat":3,"create:vertical_gearbox":12,"create:large_cogwheel":1,"minecraft:flint_and_steel":28,"spore:infected_spear":351,"minecraft:torch":4,"create:mechanical_pump":1,"minecraft:dirt":155,"create:mechanical_mixer":1,"minecraft:hopper":3,"minecraft:diamond_helmet":1,"minecraft:oak_fence_gate":16,"minecraft:iron_hoe":77,"create:gearbox":6,"minecraft:smooth_quartz":1,"spore:infested_cobblestone":1,"create:fluid_pipe":5,"create:handheld_worldshaper":3,"minecraft:water_bucket":67,"create:empty_blaze_burner":9,"minecraft:red_nether_bricks":1,"minecraft:iron_golem_spawn_egg":6,"minecraft:stonecutter":2,"minecraft:cobblestone_slab":13,"create:blaze_burner":29,"minecraft:crafting_table":5,"minecraft:white_bed":47,"minecraft:oak_log":21,"minecraft:diamond_pickaxe":292,"minecraft:diamond_shovel":94,"create:mechanical_press":4,"minecraft:suspicious_stew":1,"minecraft:map":2,"create:water_wheel":2,"create:large_water_wheel":3,"minecraft:cobblestone":1144,"minecraft:bucket":64,"create:hand_crank":8,"minecraft:kelp":4},"minecraft:dropped":{"minecraft:iron_sword":1,"create:vertical_gearbox":1,"minecraft:diamond":16,"cataclysm:lionfish":2,"minecraft:crossbow":1,"create:cogwheel":1,"minecraft:flint":1,"minecraft:emerald":1,"minecraft:dirt":178,"arthropocolypse:beetle_fragment":3,"gravestone:obituary":12,"minecraft:bone":2,"minecraft:iron_nugget":9,"minecraft:rotten_flesh":10,"minecraft:white_bed":2,"minecraft:poppy":5,"minecraft:gunpowder":2,"minecraft:red_nether_bricks":4,"minecraft:egg":1,"minecraft:iron_ingot":1,"minecraft:bread":128,"minecraft:oak_slab":6,"minecraft:wheat_seeds":68,"minecraft:diamond_leggings":1,"minecraft:iron_helmet":1,"minecraft:feather":1,"minecraft:cobblestone":56,"spore:infected_spear":1,"minecraft:copper_ingot":3,"minecraft:grass_block":1,"minecraft:stick":12,"minecraft:melon_slice":10,"minecraft:iron_leggings":1,"spore:mutated_heart":11,"minecraft:string":2,"spore:claw_fragment":5,"minecraft:acacia_planks":8,"minecraft:kelp":17,"minecraft:bowl":1,"minecraft:chicken":3,"spore:cerebrum":5,"minecraft:nether_bricks":3,"extermination:scrap_metal":4,"minecraft:filled_map":3,"minecraft:hay_block":57,"minecraft:stone":1,"minecraft:shield":1,"minecraft:diamond_chestplate":1,"minecraft:diamond_pickaxe":1,"minecraft:andesite":2,"artifacts:eternal_steak":1,"minecraft:spider_eye":1,"minecraft:diamond_boots":2,"waystones:waystone":1,"spore:wing_membrane":1},"minecraft:broken":{"minecraft:diamond_helmet":1,"minecraft:diamond_boots":1,"minecraft:diamond_chestplate":1,"minecraft:diamond_leggings":1},"minecraft:killed":{"minecraft:spider":4,"minecraft:skeleton":16,"minecraft:chicken":3,"minecraft:illusioner":1,"spore:delusioner":1,"spore:spitter":1,"minecraft:pig":2,"spore:inf_player":5,"minecraft:zombie_villager":1,"minecraft:iron_golem":2,"spore:inf_drowned":1,"minecraft:creeper":5,"spore:inf_villager":16,"minecraft:pillager":16,"spore:mound":1,"cataclysm:deepling_brute":1,"minecraft:zombie":11,"spore:inf_human":17,"spore:knight":2,"minecraft:blaze":3,"minecraft:cow":7,"minecraft:vindicator":2,"spore:inquisitor":3,"spore:verva":1,"arthropocolypse:wharf_roach":1,"minecraft:drowned":1,"arthropocolypse:prairie_grasshopper":3,"spore:inf_pillager":17,"spore:brot":1,"spore:busser":3,"minecraft:villager":2,"minecraft:enderman":2},"minecraft:crafted":{"minecraft:oak_planks":260,"minecraft:barrel":10,"create:vertical_gearbox":4,"minecraft:glass":11,"spore:fleshy_claw":4,"minecraft:chest":16,"minecraft:copper_block":1,"create:cogwheel":18,"minecraft:oak_slab":90,"create:depot":1,"minecraft:crafting_table":4,"spore:rapier":1,"create:fluid_pipe":8,"minecraft:copper_ingot":96,"create:mechanical_mixer":1,"create:gearbox":7,"minecraft:shield":1,"create:mechanical_pump":1,"minecraft:iron_ingot":54,"minecraft:gold_ingot":9,"create:large_cogwheel":11,"create:empty_blaze_burner":9,"create:steam_engine":1,"minecraft:iron_nugget":9,"minecraft:flint_and_steel":1,"create:fluid_tank":9,"create:basin":1,"minecraft:wheat":128,"spore:living_core":1,"create:hand_crank":1,"create:goggles":1,"minecraft:bucket":1,"minecraft:air":0,"minecraft:bread":45,"create:whisk":1,"create:mechanical_drill":1,"create:shaft":64,"minecraft:acacia_planks":44},"minecraft:custom":{"minecraft:interact_with_crafting_table":32,"minecraft:open_barrel":23,"minecraft:leave_game":2,"minecraft:time_since_death":58831,"minecraft:damage_resisted":28336,"minecraft:sprint_one_cm":660897,"minecraft:damage_blocked_by_shield":2033,"minecraft:drop":130,"minecraft:play_time":243755,"minecraft:deaths":8,"minecraft:jump":4928,"minecraft:walk_on_water_one_cm":17242,"minecraft:interact_with_furnace":25,"minecraft:sleep_in_bed":10,"minecraft:waystone_activated":2,"minecraft:damage_dealt":31287,"minecraft:crouch_one_cm":69702,"minecraft:mob_kills":153,"minecraft:inspect_hopper":1,"minecraft:climb_one_cm":2938,"minecraft:walk_one_cm":385055,"minecraft:sneak_time":14266,"minecraft:walk_under_water_one_cm":18278,"minecraft:boat_one_cm":263623,"minecraft:interact_with_blast_furnace":8,"minecraft:total_world_time":243755,"minecraft:time_since_rest":3493,"minecraft:damage_taken":7651,"minecraft:swim_one_cm":30592,"minecraft:fly_one_cm":1357448,"minecraft:open_chest":119,"minecraft:fall_one_cm":139584}},"DataVersion":3465}