{"stats":{"minecraft:killed_by":{"spore:busser":2,"minecraft:creeper":2,"spore:inquisitor":1,"minecraft:illusioner":1},"minecraft:picked_up":{"create:copper_sheet":2,"extermination:tripod_arm":1,"spore:mutated_heart":12,"minecraft:chicken":4,"spore:infested_dirt":2,"gravestone:obituary":4,"minecraft:string":4,"minecraft:raw_copper":52,"spore:infested_cobblestone":1,"minecraft:red_nether_bricks":5,"spore:corrosive_sack":1,"create:water_wheel":1,"minecraft:diamond_leggings":1,"create:mechanical_press":3,"minecraft:cobbled_deepslate":4,"minecraft:beef":4,"arthropocolypse:beetle_fragment":3,"minecraft:poppy":5,"minecraft:smooth_quartz":6,"minecraft:sugar_cane":21,"minecraft:egg":1,"spore:wing_membrane":1,"minecraft:torch":1,"create:andesite_casing":21,"minecraft:porkchop":5,"extermination:alien_battery":2,"create:hand_crank":6,"extermination:scrap_metal":4,"minecraft:rotten_flesh":8,"minecraft:nether_bricks":3,"minecraft:diamond_boots":1,"minecraft:iron_block":1,"create:depot":2,"minecraft:blaze_rod":1,"minecraft:obsidian":16,"minecraft:cobblestone":30,"minecraft:feather":3,"create:fluid_tank":1,"minecraft:andesite":3,"minecraft:flint":2,"minecraft:yellow_bed":1,"minecraft:gunpowder":4,"minecraft:map":1,"minecraft:dirt":26,"minecraft:glass":3,"minecraft:bone":17,"minecraft:stonecutter":1,"minecraft:wheat_seeds":6,"minecraft:iron_ingot":11,"create:shaft":1,"spore:mutated_fiber":58,"minecraft:soul_sand":4,"spore:cerebrum":5,"spore:armor_fragment":2,"create:empty_blaze_burner":9,"minecraft:cracked_nether_bricks":1,"minecraft:gravel":9,"minecraft:nether_brick_stairs":5,"minecraft:grass_block":4,"minecraft:spider_eye":1,"spore:claw_fragment":17,"travelersbackpack:standard":2,"minecraft:crossbow":1,"minecraft:emerald":1,"spore:spine_fragment":5,"minecraft:coal":9,"minecraft:ender_pearl":2},"minecraft:mined":{"spore:wall_growths_big":3,"spore:infested_cobblestone":1,"create:andesite_casing":21,"minecraft:red_nether_bricks":1,"create:fluid_tank":1,"minecraft:obsidian":16,"minecraft:nether_bricks":3,"gravestone:gravestone":5,"minecraft:grass_block":23,"spore:fungal_stem":11,"create:depot":2,"spore:growths_small":5,"minecraft:cracked_nether_bricks":1,"spore:infested_dirt":2,"spore:mycelium_veins":41,"spore:overgrown_spawner":1,"create:shaft":1,"minecraft:red_nether_brick_stairs":1,"spore:blomfung":5,"minecraft:fire":7,"minecraft:andesite":2,"spore:growth_mycelium":1,"minecraft:nether_brick_stairs":5,"minecraft:nether_brick_fence":1,"minecraft:dirt_path":1,"minecraft:stone":4,"create:mechanical_press":3,"minecraft:soul_sand":4,"minecraft:soul_fire":15,"spore:growths_big":4,"create:water_wheel":1,"minecraft:tall_grass":2,"minecraft:copper_ore":18,"minecraft:cobblestone":22,"minecraft:sugar_cane":7,"create:blaze_burner":9,"spore:bloomfung2":3,"spore:fungal_stem_top":3,"minecraft:grass":19,"minecraft:coal_ore":9,"minecraft:mycelium":4,"create:hand_crank":1,"minecraft:dirt":15,"minecraft:gravel":21,"minecraft:sand":1,"minecraft:smooth_quartz":3,"minecraft:stonecutter":1,"minecraft:netherrack":1,"minecraft:deepslate":4,"spore:remains":1,"minecraft:fern":5},"minecraft:used":{"minecraft:flint_and_steel":1,"minecraft:chest":14,"minecraft:shield":31,"spore:infected_spear":341,"create:fluid_tank":10,"minecraft:dirt":18,"minecraft:diamond_helmet":1,"create:depot":3,"minecraft:oak_fence_gate":14,"minecraft:obsidian":16,"minecraft:villager_spawn_egg":8,"minecraft:grass_block":11,"minecraft:smooth_quartz":1,"spore:infested_cobblestone":1,"minecraft:bow":3,"create:shaft":5,"create:steam_engine":1,"minecraft:furnace":2,"create:handheld_worldshaper":3,"minecraft:water_bucket":51,"create:empty_blaze_burner":9,"minecraft:red_nether_bricks":1,"minecraft:iron_golem_spawn_egg":4,"minecraft:stonecutter":1,"minecraft:diamond_axe":93,"create:blaze_burner":9,"minecraft:crafting_table":1,"minecraft:blast_furnace":1,"minecraft:white_bed":15,"minecraft:oak_log":21,"waystones:waystone":1,"minecraft:diamond_pickaxe":182,"minecraft:diamond_shovel":71,"create:mechanical_press":3,"minecraft:bread":101,"minecraft:map":1,"create:water_wheel":1,"minecraft:gravel":7,"create:large_water_wheel":1,"minecraft:cobblestone":595,"minecraft:andesite":1,"minecraft:bucket":50,"minecraft:oak_boat":1,"create:hand_crank":6},"minecraft:dropped":{"minecraft:bread":128,"minecraft:oak_slab":6,"minecraft:wheat_seeds":5,"minecraft:diamond":16,"minecraft:diamond_leggings":1,"minecraft:crossbow":1,"minecraft:feather":1,"minecraft:iron_helmet":1,"minecraft:cobblestone":7,"minecraft:copper_ingot":3,"minecraft:grass_block":1,"minecraft:stick":12,"minecraft:emerald":1,"minecraft:flint":1,"arthropocolypse:beetle_fragment":3,"minecraft:iron_leggings":1,"gravestone:obituary":11,"spore:mutated_heart":10,"minecraft:string":2,"spore:claw_fragment":5,"minecraft:bone":2,"minecraft:chicken":3,"minecraft:rotten_flesh":8,"spore:cerebrum":5,"minecraft:white_bed":1,"minecraft:nether_bricks":3,"minecraft:poppy":1,"minecraft:shield":1,"minecraft:gunpowder":2,"minecraft:diamond_chestplate":1,"minecraft:andesite":2,"artifacts:eternal_steak":1,"minecraft:spider_eye":1,"minecraft:diamond_boots":2,"minecraft:red_nether_bricks":4,"waystones:waystone":1,"spore:wing_membrane":1,"minecraft:egg":1},"minecraft:killed":{"minecraft:spider":4,"minecraft:vindicator":2,"spore:inquisitor":2,"minecraft:skeleton":14,"minecraft:chicken":3,"spore:verva":1,"arthropocolypse:wharf_roach":1,"minecraft:illusioner":1,"spore:delusioner":1,"spore:spitter":1,"minecraft:pig":2,"spore:inf_player":4,"minecraft:iron_golem":2,"arthropocolypse:prairie_grasshopper":3,"spore:inf_drowned":1,"minecraft:creeper":4,"spore:inf_pillager":17,"spore:brot":1,"spore:inf_villager":16,"minecraft:pillager":16,"spore:mound":1,"spore:inf_human":17,"minecraft:zombie":11,"spore:busser":3,"spore:knight":2,"minecraft:villager":2,"minecraft:blaze":3,"minecraft:cow":7,"minecraft:enderman":2},"minecraft:broken":{"minecraft:diamond_chestplate":1,"minecraft:diamond_helmet":1,"minecraft:diamond_leggings":1,"minecraft:diamond_boots":1},"minecraft:crafted":{"minecraft:oak_planks":156,"minecraft:barrel":10,"create:steam_engine":1,"minecraft:flint_and_steel":1,"minecraft:glass":11,"create:fluid_tank":9,"minecraft:copper_block":1,"create:cogwheel":18,"create:depot":1,"minecraft:oak_slab":90,"create:hand_crank":1,"minecraft:crafting_table":1,"create:fluid_pipe":8,"create:goggles":1,"minecraft:copper_ingot":96,"minecraft:bucket":1,"minecraft:air":0,"create:mechanical_pump":1,"minecraft:gold_ingot":9,"create:large_cogwheel":11,"create:shaft":64,"create:empty_blaze_burner":9},"minecraft:custom":{"minecraft:mob_kills":145,"minecraft:interact_with_crafting_table":14,"minecraft:leave_game":2,"minecraft:time_since_death":44755,"minecraft:climb_one_cm":2938,"minecraft:damage_resisted":28336,"minecraft:sprint_one_cm":467498,"minecraft:walk_one_cm":245074,"minecraft:damage_blocked_by_shield":2033,"minecraft:drop":85,"minecraft:play_time":147755,"minecraft:deaths":7,"minecraft:sneak_time":9127,"minecraft:walk_under_water_one_cm":10759,"minecraft:boat_one_cm":31521,"minecraft:jump":3698,"minecraft:interact_with_blast_furnace":8,"minecraft:walk_on_water_one_cm":7349,"minecraft:total_world_time":147755,"minecraft:interact_with_furnace":24,"minecraft:sleep_in_bed":4,"minecraft:time_since_rest":16078,"minecraft:waystone_activated":1,"minecraft:damage_taken":6432,"minecraft:damage_dealt":29194,"minecraft:swim_one_cm":11884,"minecraft:fly_one_cm":1055458,"minecraft:open_chest":64,"minecraft:crouch_one_cm":42049,"minecraft:fall_one_cm":111887}},"DataVersion":3465}