{"stats":{"minecraft:mined":{"create:andesite_casing":21,"minecraft:red_nether_bricks":1,"create:fluid_tank":1,"minecraft:obsidian":16,"gravestone:gravestone":2,"minecraft:nether_bricks":3,"minecraft:grass_block":2,"spore:fungal_stem":11,"create:depot":1,"spore:growths_small":1,"minecraft:cracked_nether_bricks":1,"minecraft:red_nether_brick_stairs":1,"minecraft:fire":4,"minecraft:andesite":1,"spore:growth_mycelium":1,"minecraft:nether_brick_stairs":1,"minecraft:dirt_path":1,"minecraft:stone":4,"create:mechanical_press":2,"minecraft:soul_fire":6,"spore:growths_big":2,"create:water_wheel":1,"minecraft:copper_ore":18,"minecraft:cobblestone":13,"spore:bloomfung2":2,"spore:fungal_stem_top":3,"minecraft:grass":12,"minecraft:coal_ore":9,"create:hand_crank":1,"minecraft:dirt":1,"minecraft:gravel":21,"minecraft:sand":1,"minecraft:smooth_quartz":2,"minecraft:deepslate":4,"spore:remains":1,"minecraft:fern":5},"minecraft:used":{"minecraft:flint_and_steel":1,"minecraft:shield":24,"minecraft:chest":14,"spore:infected_spear":118,"create:fluid_tank":1,"minecraft:dirt":17,"minecraft:diamond_helmet":1,"create:depot":2,"minecraft:oak_fence_gate":14,"minecraft:obsidian":16,"minecraft:villager_spawn_egg":8,"minecraft:grass_block":11,"create:shaft":2,"minecraft:furnace":2,"create:handheld_worldshaper":3,"minecraft:water_bucket":32,"minecraft:diamond_axe":55,"minecraft:crafting_table":1,"minecraft:blast_furnace":1,"minecraft:white_bed":15,"minecraft:oak_log":21,"waystones:waystone":1,"minecraft:diamond_pickaxe":115,"minecraft:diamond_shovel":26,"create:mechanical_press":2,"minecraft:bread":50,"create:water_wheel":1,"minecraft:gravel":7,"create:large_water_wheel":1,"minecraft:cobblestone":348,"minecraft:bucket":32,"create:hand_crank":6},"minecraft:custom":{"minecraft:mob_kills":49,"minecraft:interact_with_crafting_table":10,"minecraft:leave_game":1,"minecraft:time_since_death":4839,"minecraft:climb_one_cm":1628,"minecraft:damage_resisted":143,"minecraft:sprint_one_cm":193793,"minecraft:walk_one_cm":108895,"minecraft:damage_blocked_by_shield":1515,"minecraft:drop":42,"minecraft:play_time":73671,"minecraft:deaths":3,"minecraft:sneak_time":5951,"minecraft:walk_under_water_one_cm":5336,"minecraft:jump":1585,"minecraft:interact_with_blast_furnace":8,"minecraft:walk_on_water_one_cm":4126,"minecraft:total_world_time":73671,"minecraft:interact_with_furnace":24,"minecraft:sleep_in_bed":2,"minecraft:time_since_rest":4877,"minecraft:waystone_activated":1,"minecraft:damage_taken":3383,"minecraft:damage_dealt":10222,"minecraft:swim_one_cm":4848,"minecraft:fly_one_cm":406641,"minecraft:open_chest":33,"minecraft:crouch_one_cm":26214,"minecraft:fall_one_cm":50639},"minecraft:picked_up":{"minecraft:chicken":1,"minecraft:string":2,"minecraft:raw_copper":52,"minecraft:red_nether_bricks":2,"spore:corrosive_sack":1,"create:water_wheel":1,"create:mechanical_press":2,"minecraft:cobbled_deepslate":4,"minecraft:beef":4,"minecraft:smooth_quartz":3,"minecraft:egg":1,"minecraft:torch":1,"create:andesite_casing":21,"minecraft:porkchop":5,"create:hand_crank":6,"minecraft:rotten_flesh":8,"minecraft:nether_bricks":3,"create:depot":1,"minecraft:obsidian":16,"minecraft:cobblestone":15,"minecraft:feather":1,"create:fluid_tank":1,"minecraft:andesite":1,"minecraft:flint":2,"minecraft:yellow_bed":1,"minecraft:gunpowder":2,"minecraft:map":1,"minecraft:dirt":3,"minecraft:bone":17,"minecraft:wheat_seeds":3,"spore:mutated_fiber":5,"spore:cerebrum":2,"minecraft:cracked_nether_bricks":1,"minecraft:gravel":9,"minecraft:nether_brick_stairs":1,"minecraft:grass_block":1,"minecraft:spider_eye":1,"spore:claw_fragment":6,"minecraft:crossbow":1,"minecraft:emerald":1,"minecraft:coal":9,"minecraft:ender_pearl":1},"minecraft:crafted":{"minecraft:oak_planks":116,"minecraft:barrel":10,"create:steam_engine":1,"minecraft:flint_and_steel":1,"minecraft:glass":11,"create:fluid_tank":9,"minecraft:copper_block":1,"create:depot":1,"minecraft:oak_slab":90,"create:hand_crank":1,"minecraft:crafting_table":1,"create:goggles":1,"minecraft:copper_ingot":96,"minecraft:bucket":1,"minecraft:air":0,"minecraft:gold_ingot":9,"create:shaft":16},"minecraft:killed":{"minecraft:vindicator":2,"minecraft:spider":1,"minecraft:skeleton":11,"minecraft:chicken":1,"minecraft:illusioner":1,"spore:spitter":1,"minecraft:pig":2,"spore:inf_player":1,"minecraft:iron_golem":1,"arthropocolypse:prairie_grasshopper":1,"minecraft:creeper":2,"minecraft:pillager":8,"minecraft:zombie":10,"spore:inf_human":1,"spore:busser":1,"spore:knight":1,"minecraft:cow":2,"minecraft:enderman":1},"minecraft:killed_by":{"spore:busser":2,"minecraft:illusioner":1},"minecraft:dropped":{"minecraft:bread":128,"minecraft:oak_slab":6,"minecraft:diamond":16,"minecraft:crossbow":1,"minecraft:iron_helmet":1,"minecraft:copper_ingot":1,"minecraft:emerald":1,"minecraft:stick":12,"minecraft:flint":1,"minecraft:iron_leggings":1,"gravestone:obituary":3,"minecraft:bone":2,"minecraft:chicken":1,"minecraft:rotten_flesh":8,"spore:cerebrum":2,"minecraft:white_bed":1,"minecraft:nether_bricks":3,"minecraft:shield":1,"minecraft:diamond_chestplate":1,"minecraft:andesite":1,"artifacts:eternal_steak":1,"minecraft:spider_eye":1,"minecraft:diamond_boots":1,"minecraft:egg":1}},"DataVersion":3465}