{"stats":{"minecraft:mined":{"create:andesite_casing":21,"create:fluid_tank":1,"minecraft:obsidian":1,"gravestone:gravestone":2,"minecraft:grass_block":2,"create:depot":1,"create:water_wheel":1,"minecraft:copper_ore":18,"minecraft:cobblestone":13,"minecraft:andesite":1,"minecraft:grass":4,"minecraft:coal_ore":9,"create:hand_crank":1,"minecraft:dirt":1,"minecraft:stone":4,"create:mechanical_press":2},"minecraft:custom":{"minecraft:interact_with_furnace":24,"minecraft:mob_kills":21,"minecraft:interact_with_crafting_table":10,"minecraft:leave_game":1,"minecraft:time_since_death":20462,"minecraft:sleep_in_bed":2,"minecraft:climb_one_cm":1544,"minecraft:time_since_rest":20487,"minecraft:waystone_activated":1,"minecraft:sprint_one_cm":111571,"minecraft:damage_taken":1728,"minecraft:walk_one_cm":65258,"minecraft:damage_blocked_by_shield":1110,"minecraft:drop":35,"minecraft:damage_dealt":3663,"minecraft:swim_one_cm":587,"minecraft:fly_one_cm":275290,"minecraft:open_chest":24,"minecraft:crouch_one_cm":19277,"minecraft:play_time":49671,"minecraft:deaths":2,"minecraft:sneak_time":3598,"minecraft:walk_under_water_one_cm":4332,"minecraft:jump":948,"minecraft:interact_with_blast_furnace":8,"minecraft:walk_on_water_one_cm":3127,"minecraft:total_world_time":49671,"minecraft:fall_one_cm":29588},"minecraft:used":{"create:handheld_worldshaper":3,"minecraft:water_bucket":25,"minecraft:chest":14,"minecraft:shield":16,"minecraft:diamond_axe":50,"spore:infected_spear":44,"create:fluid_tank":1,"minecraft:dirt":17,"minecraft:crafting_table":1,"minecraft:blast_furnace":1,"minecraft:diamond_helmet":1,"minecraft:white_bed":15,"create:depot":2,"minecraft:oak_fence_gate":14,"minecraft:oak_log":21,"waystones:waystone":1,"minecraft:diamond_pickaxe":54,"minecraft:diamond_shovel":2,"create:mechanical_press":2,"minecraft:villager_spawn_egg":8,"minecraft:bread":23,"minecraft:grass_block":10,"create:water_wheel":1,"create:large_water_wheel":1,"minecraft:cobblestone":327,"create:shaft":2,"minecraft:furnace":2,"minecraft:bucket":26,"create:hand_crank":6},"minecraft:picked_up":{"minecraft:feather":1,"create:fluid_tank":1,"minecraft:chicken":1,"minecraft:andesite":1,"minecraft:yellow_bed":1,"minecraft:gunpowder":2,"minecraft:dirt":3,"minecraft:string":2,"minecraft:raw_copper":52,"spore:corrosive_sack":1,"minecraft:bone":4,"create:water_wheel":1,"minecraft:wheat_seeds":1,"create:mechanical_press":2,"minecraft:beef":4,"spore:mutated_fiber":3,"minecraft:egg":1,"spore:cerebrum":2,"minecraft:torch":1,"create:andesite_casing":21,"minecraft:porkchop":5,"create:hand_crank":6,"minecraft:spider_eye":1,"minecraft:rotten_flesh":8,"create:depot":1,"minecraft:obsidian":1,"minecraft:coal":9,"minecraft:cobblestone":15},"minecraft:crafted":{"minecraft:oak_slab":90,"create:depot":1,"minecraft:oak_planks":116,"create:hand_crank":1,"minecraft:barrel":10,"create:steam_engine":1,"minecraft:crafting_table":1,"create:goggles":1,"minecraft:copper_ingot":96,"minecraft:bucket":1,"minecraft:air":0,"minecraft:glass":11,"create:fluid_tank":9,"minecraft:gold_ingot":9,"minecraft:copper_block":1,"create:shaft":16},"minecraft:killed":{"minecraft:pig":2,"spore:inf_player":1,"minecraft:spider":1,"arthropocolypse:prairie_grasshopper":1,"minecraft:creeper":1,"minecraft:skeleton":2,"minecraft:zombie":8,"minecraft:chicken":1,"spore:busser":1,"spore:spitter":1,"minecraft:cow":2},"minecraft:killed_by":{"spore:busser":2},"minecraft:dropped":{"minecraft:bread":128,"minecraft:diamond":16,"minecraft:chicken":1,"minecraft:iron_helmet":1,"minecraft:rotten_flesh":8,"spore:cerebrum":2,"minecraft:copper_ingot":1,"minecraft:white_bed":1,"minecraft:stick":12,"minecraft:shield":1,"minecraft:diamond_chestplate":1,"minecraft:andesite":1,"artifacts:eternal_steak":1,"minecraft:iron_leggings":1,"gravestone:obituary":2,"minecraft:diamond_boots":1,"minecraft:bone":2,"minecraft:egg":1}},"DataVersion":3465}