{"stats":{"minecraft:killed_by":{"spore:busser":2,"minecraft:creeper":2,"spore:inquisitor":2,"minecraft:illusioner":1},"minecraft:picked_up":{"create:copper_sheet":2,"extermination:tripod_arm":1,"spore:mutated_heart":13,"minecraft:wheat":7,"minecraft:chicken":4,"spore:infested_dirt":2,"gravestone:obituary":4,"create:fluid_pipe":2,"create_new_age:heat_pump":1,"minecraft:string":4,"minecraft:raw_copper":52,"spore:infested_cobblestone":1,"minecraft:red_nether_bricks":5,"spore:corrosive_sack":1,"create:water_wheel":1,"minecraft:diamond_leggings":1,"create:mechanical_press":3,"minecraft:cobbled_deepslate":4,"minecraft:beef":4,"minecraft:oak_boat":2,"arthropocolypse:beetle_fragment":3,"minecraft:poppy":9,"minecraft:smooth_quartz":6,"minecraft:furnace":2,"minecraft:sugar_cane":24,"minecraft:egg":1,"minecraft:acacia_fence":1,"spore:wing_membrane":1,"minecraft:torch":2,"create:andesite_casing":21,"minecraft:porkchop":5,"extermination:alien_battery":2,"create:hand_crank":6,"extermination:scrap_metal":4,"create:steam_engine":1,"minecraft:rotten_flesh":8,"minecraft:nether_bricks":3,"minecraft:diamond_boots":1,"minecraft:hay_block":63,"minecraft:iron_block":1,"create:depot":3,"minecraft:blaze_rod":1,"minecraft:obsidian":16,"minecraft:cobblestone":180,"minecraft:feather":3,"create:fluid_tank":10,"minecraft:andesite":3,"minecraft:filled_map":2,"minecraft:flint":2,"minecraft:yellow_bed":1,"minecraft:gunpowder":4,"create:blaze_burner":19,"minecraft:map":1,"minecraft:dirt":32,"minecraft:glass":3,"minecraft:bone":17,"minecraft:kelp":24,"minecraft:stonecutter":2,"minecraft:wheat_seeds":7,"minecraft:iron_ingot":11,"create:shaft":4,"spore:mutated_fiber":58,"minecraft:soul_sand":4,"spore:cerebrum":5,"spore:armor_fragment":18,"create:empty_blaze_burner":9,"minecraft:cracked_nether_bricks":1,"minecraft:gravel":9,"minecraft:sand":3,"minecraft:nether_brick_stairs":5,"minecraft:blast_furnace":1,"minecraft:white_bed":17,"minecraft:grass_block":4,"minecraft:spider_eye":1,"cataclysm:lionfish":3,"spore:claw_fragment":25,"travelersbackpack:standard":2,"waystones:waystone":1,"minecraft:crossbow":1,"minecraft:emerald":1,"spore:spine_fragment":5,"minecraft:coal":15,"minecraft:ender_pearl":2},"minecraft:mined":{"spore:wall_growths_big":3,"minecraft:white_bed":16,"minecraft:farmland":1,"spore:infested_cobblestone":1,"create:andesite_casing":21,"minecraft:red_nether_bricks":1,"create:fluid_tank":10,"minecraft:obsidian":16,"minecraft:nether_bricks":3,"gravestone:gravestone":6,"minecraft:acacia_log":2,"minecraft:grass_block":23,"spore:fungal_stem":11,"create:depot":3,"minecraft:kelp":17,"spore:growths_small":5,"minecraft:cracked_nether_bricks":1,"spore:infested_dirt":2,"minecraft:hay_block":64,"spore:mycelium_veins":41,"spore:overgrown_spawner":1,"create:shaft":4,"minecraft:furnace":2,"minecraft:red_nether_brick_stairs":1,"spore:blomfung":5,"minecraft:fire":8,"minecraft:andesite":2,"spore:growth_mycelium":1,"minecraft:nether_brick_stairs":5,"minecraft:nether_brick_fence":1,"create_new_age:heat_pump":1,"minecraft:dirt_path":1,"minecraft:stone":4,"create:mechanical_press":3,"minecraft:cut_sandstone":1,"minecraft:soul_sand":4,"create:steam_engine":1,"minecraft:soul_fire":15,"spore:growths_big":4,"create:fluid_pipe":2,"minecraft:blast_furnace":1,"minecraft:chest":2,"create:water_wheel":1,"minecraft:tall_grass":6,"minecraft:copper_ore":18,"minecraft:cobblestone":41,"minecraft:sugar_cane":8,"create:large_water_wheel":1,"minecraft:seagrass":1,"minecraft:fire_coral_fan":1,"create:blaze_burner":28,"spore:bloomfung2":3,"minecraft:wheat":5,"spore:fungal_stem_top":3,"minecraft:grass":23,"minecraft:coal_ore":9,"minecraft:mycelium":4,"minecraft:acacia_fence":1,"create:hand_crank":1,"minecraft:dirt":22,"minecraft:gravel":21,"minecraft:sand":3,"minecraft:smooth_quartz":3,"minecraft:stonecutter":2,"minecraft:netherrack":1,"minecraft:deepslate":4,"spore:remains":1,"minecraft:fern":5},"minecraft:used":{"minecraft:flint_and_steel":14,"minecraft:poppy":4,"minecraft:chest":23,"minecraft:shield":31,"minecraft:grass":1,"spore:infected_spear":351,"minecraft:torch":1,"create:fluid_tank":19,"create:mechanical_pump":1,"minecraft:dirt":155,"minecraft:diamond_helmet":1,"create:depot":3,"minecraft:oak_fence_gate":14,"minecraft:obsidian":29,"minecraft:iron_hoe":68,"minecraft:glass":2,"minecraft:villager_spawn_egg":8,"minecraft:grass_block":11,"minecraft:smooth_quartz":1,"spore:infested_cobblestone":1,"minecraft:bow":3,"create:shaft":15,"create:steam_engine":2,"minecraft:furnace":4,"create:fluid_pipe":5,"minecraft:acacia_fence":1,"create:handheld_worldshaper":3,"minecraft:water_bucket":66,"create:empty_blaze_burner":9,"minecraft:red_nether_bricks":1,"minecraft:iron_golem_spawn_egg":4,"minecraft:stonecutter":2,"minecraft:diamond_axe":99,"create:blaze_burner":28,"minecraft:sand":3,"minecraft:crafting_table":2,"spore:rapier":24,"minecraft:blast_furnace":2,"create_new_age:heat_pump":1,"minecraft:white_bed":46,"minecraft:oak_log":21,"waystones:waystone":2,"minecraft:diamond_pickaxe":244,"minecraft:diamond_shovel":80,"create:mechanical_press":3,"minecraft:bread":120,"minecraft:suspicious_stew":1,"minecraft:map":2,"create:water_wheel":1,"minecraft:gravel":7,"create:large_water_wheel":1,"minecraft:cobblestone":1050,"minecraft:andesite":1,"minecraft:bucket":64,"minecraft:oak_boat":3,"create:hand_crank":6,"create:large_cogwheel":1},"minecraft:dropped":{"minecraft:bread":128,"minecraft:oak_slab":6,"minecraft:wheat_seeds":5,"minecraft:diamond":16,"cataclysm:lionfish":2,"minecraft:diamond_leggings":1,"minecraft:crossbow":1,"minecraft:feather":1,"minecraft:iron_helmet":1,"minecraft:cobblestone":53,"spore:infected_spear":1,"minecraft:copper_ingot":3,"minecraft:grass_block":1,"minecraft:stick":12,"minecraft:emerald":1,"minecraft:flint":1,"minecraft:dirt":177,"arthropocolypse:beetle_fragment":3,"minecraft:iron_leggings":1,"gravestone:obituary":12,"spore:mutated_heart":11,"minecraft:string":2,"spore:claw_fragment":5,"minecraft:bone":2,"minecraft:kelp":17,"minecraft:bowl":1,"minecraft:chicken":3,"minecraft:rotten_flesh":8,"spore:cerebrum":5,"minecraft:white_bed":1,"minecraft:nether_bricks":3,"extermination:scrap_metal":4,"minecraft:filled_map":3,"minecraft:poppy":5,"minecraft:shield":1,"minecraft:gunpowder":2,"minecraft:diamond_chestplate":1,"minecraft:diamond_pickaxe":1,"minecraft:andesite":2,"artifacts:eternal_steak":1,"minecraft:spider_eye":1,"minecraft:diamond_boots":2,"minecraft:red_nether_bricks":4,"waystones:waystone":1,"spore:wing_membrane":1,"minecraft:egg":1},"minecraft:killed":{"minecraft:spider":4,"minecraft:vindicator":2,"spore:inquisitor":3,"minecraft:skeleton":16,"minecraft:chicken":3,"spore:verva":1,"arthropocolypse:wharf_roach":1,"minecraft:drowned":1,"minecraft:illusioner":1,"spore:delusioner":1,"spore:spitter":1,"minecraft:pig":2,"spore:inf_player":5,"minecraft:iron_golem":2,"arthropocolypse:prairie_grasshopper":3,"spore:inf_drowned":1,"minecraft:creeper":4,"spore:inf_pillager":17,"spore:brot":1,"spore:inf_villager":16,"cataclysm:deepling_brute":1,"minecraft:pillager":16,"spore:mound":1,"spore:inf_human":17,"minecraft:zombie":11,"spore:busser":3,"spore:knight":2,"minecraft:villager":2,"minecraft:blaze":3,"minecraft:cow":7,"minecraft:enderman":2},"minecraft:broken":{"minecraft:diamond_chestplate":1,"minecraft:diamond_helmet":1,"minecraft:diamond_leggings":1,"minecraft:diamond_boots":1},"minecraft:crafted":{"minecraft:oak_planks":236,"minecraft:barrel":10,"create:steam_engine":1,"minecraft:flint_and_steel":1,"minecraft:glass":11,"spore:fleshy_claw":4,"create:fluid_tank":9,"minecraft:chest":9,"minecraft:copper_block":1,"create:cogwheel":18,"minecraft:wheat":128,"spore:living_core":1,"create:depot":1,"minecraft:oak_slab":90,"create:hand_crank":1,"spore:rapier":1,"minecraft:crafting_table":2,"create:fluid_pipe":8,"create:goggles":1,"minecraft:copper_ingot":96,"minecraft:bucket":1,"minecraft:bread":45,"minecraft:air":0,"minecraft:iron_ingot":9,"create:mechanical_pump":1,"minecraft:gold_ingot":9,"create:large_cogwheel":11,"create:shaft":64,"create:empty_blaze_burner":9},"minecraft:custom":{"minecraft:mob_kills":151,"minecraft:interact_with_crafting_table":23,"minecraft:leave_game":2,"minecraft:time_since_death":10831,"minecraft:climb_one_cm":2938,"minecraft:damage_resisted":28336,"minecraft:sprint_one_cm":591822,"minecraft:walk_one_cm":328847,"minecraft:damage_blocked_by_shield":2033,"minecraft:drop":110,"minecraft:play_time":195755,"minecraft:deaths":8,"minecraft:sneak_time":13103,"minecraft:walk_under_water_one_cm":16758,"minecraft:boat_one_cm":263623,"minecraft:jump":4558,"minecraft:interact_with_blast_furnace":8,"minecraft:walk_on_water_one_cm":16512,"minecraft:total_world_time":195755,"minecraft:interact_with_furnace":24,"minecraft:sleep_in_bed":7,"minecraft:time_since_rest":4931,"minecraft:waystone_activated":2,"minecraft:damage_taken":7483,"minecraft:damage_dealt":30788,"minecraft:swim_one_cm":30447,"minecraft:fly_one_cm":1244622,"minecraft:open_chest":102,"minecraft:crouch_one_cm":64685,"minecraft:fall_one_cm":133805}},"DataVersion":3465}