{"stats":{"minecraft:killed_by":{"spore:busser":2,"minecraft:creeper":2,"minecraft:illusioner":1},"minecraft:picked_up":{"minecraft:chicken":1,"spore:infested_dirt":2,"gravestone:obituary":3,"minecraft:string":2,"minecraft:raw_copper":52,"minecraft:red_nether_bricks":5,"spore:corrosive_sack":1,"create:water_wheel":1,"create:mechanical_press":3,"minecraft:cobbled_deepslate":4,"minecraft:beef":4,"arthropocolypse:beetle_fragment":3,"minecraft:smooth_quartz":5,"minecraft:egg":1,"spore:wing_membrane":1,"minecraft:torch":1,"create:andesite_casing":21,"minecraft:porkchop":5,"create:hand_crank":6,"minecraft:rotten_flesh":8,"minecraft:nether_bricks":3,"create:depot":2,"minecraft:obsidian":16,"minecraft:cobblestone":23,"minecraft:feather":1,"create:fluid_tank":1,"minecraft:andesite":3,"minecraft:flint":2,"minecraft:yellow_bed":1,"minecraft:gunpowder":4,"minecraft:map":1,"minecraft:dirt":3,"minecraft:bone":17,"minecraft:wheat_seeds":5,"create:shaft":1,"spore:mutated_fiber":9,"spore:cerebrum":2,"create:empty_blaze_burner":9,"minecraft:cracked_nether_bricks":1,"minecraft:gravel":9,"minecraft:nether_brick_stairs":5,"minecraft:grass_block":2,"minecraft:spider_eye":1,"spore:claw_fragment":6,"travelersbackpack:standard":2,"minecraft:crossbow":1,"minecraft:emerald":1,"minecraft:coal":9,"minecraft:ender_pearl":2},"minecraft:mined":{"spore:wall_growths_big":3,"create:andesite_casing":21,"minecraft:red_nether_bricks":1,"create:fluid_tank":1,"minecraft:obsidian":16,"minecraft:nether_bricks":3,"gravestone:gravestone":4,"minecraft:grass_block":2,"spore:fungal_stem":11,"create:depot":2,"spore:growths_small":2,"minecraft:cracked_nether_bricks":1,"spore:infested_dirt":2,"spore:mycelium_veins":20,"create:shaft":1,"minecraft:red_nether_brick_stairs":1,"spore:blomfung":5,"minecraft:fire":4,"minecraft:andesite":2,"spore:growth_mycelium":1,"minecraft:nether_brick_stairs":5,"minecraft:dirt_path":1,"minecraft:stone":4,"create:mechanical_press":3,"minecraft:soul_fire":6,"spore:growths_big":4,"create:water_wheel":1,"minecraft:copper_ore":18,"minecraft:cobblestone":22,"create:blaze_burner":9,"spore:bloomfung2":3,"spore:fungal_stem_top":3,"minecraft:grass":12,"minecraft:coal_ore":9,"create:hand_crank":1,"minecraft:dirt":1,"minecraft:gravel":21,"minecraft:sand":1,"minecraft:smooth_quartz":2,"minecraft:deepslate":4,"spore:remains":1,"minecraft:fern":5},"minecraft:used":{"minecraft:flint_and_steel":1,"minecraft:chest":14,"minecraft:shield":24,"spore:infected_spear":161,"create:fluid_tank":10,"minecraft:dirt":17,"minecraft:diamond_helmet":1,"create:depot":3,"minecraft:oak_fence_gate":14,"minecraft:obsidian":16,"minecraft:villager_spawn_egg":8,"minecraft:grass_block":11,"create:shaft":5,"create:steam_engine":1,"minecraft:furnace":2,"create:handheld_worldshaper":3,"minecraft:water_bucket":41,"create:empty_blaze_burner":9,"minecraft:red_nether_bricks":1,"minecraft:diamond_axe":57,"minecraft:crafting_table":1,"minecraft:blast_furnace":1,"minecraft:white_bed":15,"minecraft:oak_log":21,"waystones:waystone":1,"minecraft:diamond_pickaxe":150,"minecraft:diamond_shovel":28,"create:mechanical_press":2,"minecraft:bread":64,"minecraft:map":1,"create:water_wheel":1,"minecraft:gravel":7,"create:large_water_wheel":1,"minecraft:cobblestone":548,"minecraft:andesite":1,"minecraft:bucket":41,"create:hand_crank":6},"minecraft:dropped":{"minecraft:bread":128,"minecraft:oak_slab":6,"minecraft:wheat_seeds":2,"minecraft:diamond":16,"minecraft:crossbow":1,"minecraft:iron_helmet":1,"minecraft:copper_ingot":1,"minecraft:stick":12,"minecraft:emerald":1,"minecraft:flint":1,"arthropocolypse:beetle_fragment":3,"minecraft:iron_leggings":1,"gravestone:obituary":8,"minecraft:bone":2,"minecraft:chicken":1,"minecraft:rotten_flesh":8,"spore:cerebrum":2,"minecraft:white_bed":1,"minecraft:nether_bricks":3,"minecraft:shield":1,"minecraft:gunpowder":2,"minecraft:diamond_chestplate":1,"minecraft:andesite":2,"artifacts:eternal_steak":1,"minecraft:spider_eye":1,"minecraft:diamond_boots":1,"minecraft:red_nether_bricks":4,"spore:wing_membrane":1,"minecraft:egg":1},"minecraft:killed":{"minecraft:spider":1,"minecraft:vindicator":2,"minecraft:skeleton":11,"minecraft:chicken":1,"arthropocolypse:wharf_roach":1,"minecraft:illusioner":1,"spore:spitter":1,"minecraft:pig":2,"spore:inf_player":1,"minecraft:iron_golem":1,"arthropocolypse:prairie_grasshopper":2,"minecraft:creeper":3,"minecraft:pillager":16,"spore:inf_human":1,"minecraft:zombie":10,"spore:busser":3,"spore:knight":1,"minecraft:cow":5,"minecraft:enderman":2},"minecraft:crafted":{"minecraft:oak_planks":156,"minecraft:barrel":10,"create:steam_engine":1,"minecraft:flint_and_steel":1,"minecraft:glass":11,"create:fluid_tank":9,"minecraft:copper_block":1,"create:cogwheel":18,"create:depot":1,"minecraft:oak_slab":90,"create:hand_crank":1,"minecraft:crafting_table":1,"create:goggles":1,"minecraft:copper_ingot":96,"minecraft:bucket":1,"minecraft:air":0,"minecraft:gold_ingot":9,"create:large_cogwheel":11,"create:shaft":64,"create:empty_blaze_burner":9},"minecraft:custom":{"minecraft:mob_kills":66,"minecraft:interact_with_crafting_table":12,"minecraft:leave_game":2,"minecraft:time_since_death":5398,"minecraft:climb_one_cm":2603,"minecraft:damage_resisted":869,"minecraft:sprint_one_cm":288853,"minecraft:walk_one_cm":151445,"minecraft:damage_blocked_by_shield":1515,"minecraft:drop":56,"minecraft:play_time":99755,"minecraft:deaths":6,"minecraft:sneak_time":7832,"minecraft:walk_under_water_one_cm":9417,"minecraft:jump":2304,"minecraft:interact_with_blast_furnace":8,"minecraft:walk_on_water_one_cm":5209,"minecraft:total_world_time":99755,"minecraft:interact_with_furnace":24,"minecraft:sleep_in_bed":3,"minecraft:time_since_rest":5631,"minecraft:waystone_activated":1,"minecraft:damage_taken":4638,"minecraft:damage_dealt":13663,"minecraft:swim_one_cm":8720,"minecraft:fly_one_cm":586326,"minecraft:open_chest":36,"minecraft:crouch_one_cm":38086,"minecraft:fall_one_cm":71595}},"DataVersion":3465}