{"stats":{"minecraft:killed_by":{"minecraft:vindicator":2,"spore:inf_villager":1,"minecraft:skeleton":1,"minecraft:pillager":1,"spore:inquisitor":2,"spore:inf_pillager":1},"minecraft:picked_up":{"spore:mutated_heart":5,"create_new_age:thorium":100,"minecraft:chicken":1,"minecraft:andesite":2,"minecraft:filled_map":1,"minecraft:flint":1,"create:raw_zinc":6,"minecraft:oak_log":2,"gravestone:obituary":1,"minecraft:golden_boots":1,"minecraft:shield":1,"minecraft:string":2,"minecraft:map":1,"minecraft:dirt":195,"spore:innards":1,"minecraft:raw_copper":46,"spore:infected_spear":1,"minecraft:bone":4,"minecraft:kelp":6,"minecraft:bow":1,"minecraft:wheat_seeds":4,"create_new_age:magnetite_block":6,"minecraft:iron_ingot":30,"minecraft:oak_boat":1,"minecraft:poppy":7,"spore:mutated_fiber":52,"minecraft:iron_sword":2,"minecraft:oak_planks":5,"minecraft:egg":4,"minecraft:stick":2,"spore:cerebrum":8,"spore:wing_membrane":1,"minecraft:dripstone_block":2,"spore:armor_fragment":21,"create:andesite_casing":8,"minecraft:gravel":2,"minecraft:diorite":1,"minecraft:white_bed":10,"minecraft:grass_block":1,"minecraft:spider_eye":2,"minecraft:quartz_block":2,"spore:claw_fragment":9,"minecraft:arrow":7,"minecraft:rotten_flesh":3,"waystones:waystone":1,"create:ochrum":13,"minecraft:crossbow":3,"minecraft:cracked_deepslate_bricks":1,"spore:spine_fragment":4,"minecraft:white_terracotta":3,"minecraft:bread":64,"minecraft:emerald":1,"spore:alveolic_sack":1,"minecraft:netherrack":17,"minecraft:diamond_pickaxe":1,"minecraft:cobblestone":262,"minecraft:ender_pearl":1},"minecraft:mined":{"create:zinc_ore":6,"minecraft:white_bed":11,"create:andesite_casing":8,"create_new_age:magnetite_block":6,"gravestone:gravestone":7,"minecraft:grass_block":1,"spore:fungal_stem":1,"create_new_age:thorium_ore":27,"create:ochrum":17,"minecraft:tall_grass":2,"minecraft:copper_ore":13,"minecraft:cobblestone":5,"minecraft:diorite":1,"minecraft:white_terracotta":3,"spore:bloomfung2":1,"minecraft:fire":8,"minecraft:andesite":1,"spore:growth_mycelium":1,"minecraft:grass":4,"minecraft:oak_log":2,"minecraft:gravel":1,"minecraft:dripstone_block":2,"minecraft:sand":1,"minecraft:dirt":3,"minecraft:stone":266,"minecraft:netherrack":17,"minecraft:fern":1},"minecraft:used":{"minecraft:diorite":1,"minecraft:iron_shovel":4,"minecraft:oak_planks":2,"minecraft:iron_sword":124,"minecraft:shield":50,"minecraft:netherrack":17,"spore:infected_spear":2,"minecraft:dirt":26,"minecraft:white_bed":10,"create:depot":1,"create:mechanical_press":1,"minecraft:bread":33,"minecraft:iron_axe":90,"minecraft:iron_pickaxe":368,"minecraft:map":3,"create:andesite_casing":1,"minecraft:gravel":1,"minecraft:cobblestone":53,"minecraft:egg":1},"minecraft:dropped":{"minecraft:golden_boots":1,"minecraft:iron_sword":1,"minecraft:wheat_seeds":1,"minecraft:crossbow":1,"minecraft:rotten_flesh":2,"minecraft:oak_planks":5,"minecraft:filled_map":1,"minecraft:dirt":182,"minecraft:andesite":1,"gravestone:obituary":6,"minecraft:bone":2},"minecraft:broken":{"minecraft:shield":1,"minecraft:iron_pickaxe":1},"minecraft:killed":{"cataclysm:deepling_angler":1,"spore:braiomil":1,"minecraft:spider":3,"minecraft:vindicator":5,"spore:brute":1,"spore:inf_pillager":6,"spore:inf_villager":1,"minecraft:skeleton":1,"minecraft:pillager":11,"spore:mound":2,"minecraft:zombie":2,"spore:inf_human":3,"arthropocolypse:wharf_roach":4,"cataclysm:lionfish":1},"minecraft:crafted":{"biomancy:primordial_core":2,"spore:living_core":1,"minecraft:oak_planks":8,"create:depot":1,"create_new_age:heat_pipe":4,"create:zinc_nugget":9,"minecraft:copper_ingot":2,"minecraft:air":0,"minecraft:shield":1,"create:mechanical_press":1,"create:shaft":8,"create:zinc_ingot":17,"create_new_age:heat_pump":1},"minecraft:custom":{"minecraft:interact_with_furnace":6,"minecraft:mob_kills":46,"minecraft:interact_with_crafting_table":14,"minecraft:open_barrel":6,"minecraft:sleep_in_bed":3,"minecraft:leave_game":1,"minecraft:time_since_death":43675,"minecraft:climb_one_cm":1367,"minecraft:damage_resisted":13731,"minecraft:time_since_rest":7347,"minecraft:waystone_activated":2,"minecraft:sprint_one_cm":168310,"minecraft:damage_taken":3979,"minecraft:walk_one_cm":242923,"minecraft:damage_blocked_by_shield":2745,"minecraft:drop":21,"minecraft:damage_dealt":9595,"minecraft:swim_one_cm":51624,"minecraft:talked_to_villager":2,"minecraft:fly_one_cm":417234,"minecraft:open_chest":77,"minecraft:crouch_one_cm":1806,"minecraft:play_time":121444,"minecraft:deaths":8,"minecraft:sneak_time":979,"minecraft:walk_under_water_one_cm":7421,"minecraft:boat_one_cm":113638,"minecraft:jump":1333,"minecraft:interact_with_blast_furnace":8,"minecraft:walk_on_water_one_cm":19367,"minecraft:total_world_time":121444,"minecraft:fall_one_cm":21437}},"DataVersion":3465}