{"stats":{"minecraft:mined":{"create:zinc_ore":6,"minecraft:white_bed":12,"minecraft:light_blue_wool":2,"create:andesite_casing":8,"minecraft:sculk_vein":1,"spore:calcified_biomass_block":1,"gravestone:gravestone":11,"minecraft:granite":2,"minecraft:grass_block":1,"spore:fungal_stem":1,"create_new_age:thorium_ore":27,"create:ochrum":17,"minecraft:fire":9,"minecraft:andesite":1,"spore:growth_mycelium":1,"minecraft:stone":335,"create:veridium":2,"minecraft:green_bed":1,"create_new_age:magnetite_block":6,"extermination:blood_harvest":7,"minecraft:tall_grass":3,"minecraft:copper_ore":17,"minecraft:cobblestone":6,"spore:membrane_block":1,"minecraft:diorite":3,"create:mechanical_saw":1,"minecraft:white_terracotta":3,"minecraft:gray_wool":8,"spore:bloomfung2":1,"minecraft:grass":6,"minecraft:oak_log":2,"minecraft:coal_ore":2,"minecraft:dripstone_block":2,"minecraft:gravel":6,"minecraft:sand":1,"minecraft:dirt":5,"minecraft:netherrack":17,"minecraft:deepslate":21,"minecraft:fern":1},"minecraft:broken":{"minecraft:shield":1,"minecraft:iron_pickaxe":1},"minecraft:custom":{"minecraft:mob_kills":57,"minecraft:interact_with_crafting_table":16,"minecraft:open_barrel":9,"minecraft:leave_game":4,"minecraft:time_since_death":2722,"minecraft:climb_one_cm":1558,"minecraft:damage_resisted":13731,"minecraft:sprint_one_cm":235776,"minecraft:walk_one_cm":303308,"minecraft:damage_blocked_by_shield":2745,"minecraft:drop":33,"minecraft:talked_to_villager":3,"minecraft:play_time":166732,"minecraft:deaths":11,"minecraft:sneak_time":4855,"minecraft:walk_under_water_one_cm":11387,"minecraft:boat_one_cm":113638,"minecraft:jump":2047,"minecraft:interact_with_blast_furnace":8,"minecraft:walk_on_water_one_cm":22852,"minecraft:total_world_time":166732,"minecraft:interact_with_furnace":8,"minecraft:sleep_in_bed":5,"minecraft:time_since_rest":2141,"minecraft:waystone_activated":2,"minecraft:damage_taken":5944,"minecraft:damage_dealt":11941,"minecraft:swim_one_cm":54385,"minecraft:fly_one_cm":612623,"minecraft:open_chest":85,"minecraft:crouch_one_cm":9028,"minecraft:fall_one_cm":23526},"minecraft:used":{"minecraft:iron_shovel":10,"create:veridium":2,"minecraft:shield":50,"minecraft:iron_sword":176,"minecraft:netherrack":17,"spore:infected_spear":9,"minecraft:dirt":34,"create:depot":1,"minecraft:iron_axe":94,"minecraft:bow":1,"minecraft:egg":1,"minecraft:diorite":1,"minecraft:oak_planks":2,"minecraft:green_bed":1,"create:mechanical_saw":1,"minecraft:light_blue_wool":2,"minecraft:white_bed":11,"minecraft:diamond_pickaxe":18,"create:mechanical_press":1,"minecraft:bread":59,"minecraft:iron_pickaxe":462,"minecraft:map":3,"create:andesite_casing":1,"minecraft:gravel":1,"minecraft:cobblestone":97,"minecraft:gray_wool":8},"minecraft:picked_up":{"create:copper_sheet":2,"spore:mutated_heart":5,"create_new_age:thorium":100,"spore:calcified_biomass_block":1,"minecraft:chicken":1,"spore:infested_dirt":9,"gravestone:obituary":1,"minecraft:shield":1,"minecraft:raw_copper":60,"minecraft:string":3,"spore:innards":1,"spore:infected_spear":1,"minecraft:cobbled_deepslate":21,"minecraft:oak_boat":1,"minecraft:poppy":7,"minecraft:egg":4,"minecraft:stick":2,"create_new_age:copper_wire":12,"spore:wing_membrane":1,"minecraft:green_bed":1,"create:andesite_casing":8,"minecraft:diorite":5,"minecraft:quartz_block":2,"minecraft:arrow":10,"minecraft:rotten_flesh":5,"minecraft:light_blue_wool":2,"create:ochrum":13,"minecraft:cracked_deepslate_bricks":1,"create:veridium":2,"minecraft:white_terracotta":3,"spore:alveolic_sack":1,"minecraft:cobblestone":335,"minecraft:andesite":2,"minecraft:filled_map":1,"minecraft:flint":1,"create:raw_zinc":6,"minecraft:oak_log":2,"minecraft:golden_boots":1,"minecraft:gunpowder":2,"minecraft:map":1,"minecraft:dirt":261,"minecraft:bone":9,"minecraft:kelp":6,"minecraft:bow":1,"minecraft:wheat_seeds":6,"create_new_age:magnetite_block":6,"minecraft:iron_ingot":30,"spore:mutated_fiber":52,"minecraft:iron_sword":2,"minecraft:oak_planks":5,"create:mechanical_saw":1,"spore:cerebrum":8,"spore:armor_fragment":21,"minecraft:gravel":7,"minecraft:dripstone_block":2,"minecraft:white_bed":11,"minecraft:grass_block":1,"minecraft:spider_eye":3,"spore:claw_fragment":9,"waystones:waystone":1,"minecraft:crossbow":3,"minecraft:granite":4,"minecraft:gray_wool":8,"minecraft:emerald":1,"minecraft:bread":64,"spore:spine_fragment":4,"minecraft:netherrack":17,"minecraft:coal":2,"minecraft:diamond_pickaxe":1,"minecraft:ender_pearl":1},"minecraft:crafted":{"minecraft:redstone":64,"minecraft:oak_planks":8,"minecraft:iron_nugget":90,"create_new_age:heat_pipe":4,"create:mechanical_press":1,"minecraft:redstone_block":7,"create_new_age:redstone_magnet":14,"create_new_age:heat_pump":1,"spore:living_core":1,"biomancy:primordial_core":2,"create:depot":1,"create:zinc_nugget":9,"minecraft:copper_ingot":2,"minecraft:air":0,"minecraft:shield":1,"create:shaft":8,"create:zinc_ingot":17},"minecraft:killed":{"spore:braiomil":1,"minecraft:spider":3,"minecraft:vindicator":5,"minecraft:skeleton":5,"arthropocolypse:wharf_roach":6,"cataclysm:lionfish":1,"cataclysm:deepling_angler":1,"spore:brute":1,"minecraft:creeper":1,"spore:inf_pillager":6,"spore:inf_villager":1,"minecraft:pillager":11,"spore:mound":2,"minecraft:zombie":3,"spore:inf_human":3,"arthropocolypse:mealworm_beetle":2},"minecraft:killed_by":{"minecraft:pillager":1,"spore:inquisitor":2,"spore:inf_pillager":1,"minecraft:vindicator":2,"spore:inf_villager":1,"minecraft:skeleton":3,"minecraft:zombie":1},"minecraft:dropped":{"minecraft:golden_boots":1,"minecraft:iron_sword":1,"minecraft:wheat_seeds":3,"minecraft:crossbow":1,"minecraft:granite":2,"minecraft:dirt":182,"minecraft:diorite":2,"gravestone:obituary":8,"minecraft:bone":2,"minecraft:kelp":6,"minecraft:rotten_flesh":2,"minecraft:oak_planks":5,"create:copper_sheet":5,"minecraft:filled_map":1,"spore:infested_dirt":9,"minecraft:andesite":1}},"DataVersion":3465}