{"stats":{"minecraft:mined":{"create:zinc_ore":6,"minecraft:white_bed":1,"create:andesite_casing":8,"create_new_age:magnetite_block":6,"gravestone:gravestone":2,"minecraft:grass_block":1,"spore:fungal_stem":1,"create_new_age:thorium_ore":27,"minecraft:copper_ore":13,"minecraft:cobblestone":1,"minecraft:diorite":1,"minecraft:white_terracotta":3,"spore:bloomfung2":1,"minecraft:fire":8,"minecraft:andesite":1,"spore:growth_mycelium":1,"minecraft:grass":2,"minecraft:oak_log":2,"minecraft:dirt":3,"minecraft:stone":16,"minecraft:netherrack":17,"minecraft:fern":1},"minecraft:broken":{"minecraft:shield":1},"minecraft:used":{"minecraft:diorite":1,"minecraft:iron_shovel":2,"minecraft:oak_planks":2,"minecraft:shield":50,"minecraft:iron_sword":114,"minecraft:netherrack":17,"minecraft:dirt":26,"minecraft:white_bed":1,"create:depot":1,"create:mechanical_press":1,"minecraft:iron_axe":13,"minecraft:bread":27,"minecraft:map":1,"minecraft:iron_pickaxe":95,"create:andesite_casing":1,"minecraft:gravel":1,"minecraft:cobblestone":16},"minecraft:custom":{"minecraft:interact_with_furnace":6,"minecraft:mob_kills":29,"minecraft:interact_with_crafting_table":9,"minecraft:open_barrel":6,"minecraft:leave_game":1,"minecraft:time_since_death":8340,"minecraft:climb_one_cm":1367,"minecraft:damage_resisted":4225,"minecraft:time_since_rest":8378,"minecraft:waystone_activated":1,"minecraft:sprint_one_cm":87497,"minecraft:damage_taken":2371,"minecraft:walk_one_cm":114644,"minecraft:damage_blocked_by_shield":2745,"minecraft:drop":9,"minecraft:damage_dealt":5101,"minecraft:talked_to_villager":1,"minecraft:fly_one_cm":187769,"minecraft:open_chest":31,"minecraft:crouch_one_cm":1806,"minecraft:play_time":57942,"minecraft:deaths":3,"minecraft:sneak_time":800,"minecraft:walk_under_water_one_cm":807,"minecraft:jump":661,"minecraft:interact_with_blast_furnace":7,"minecraft:walk_on_water_one_cm":1366,"minecraft:total_world_time":57942,"minecraft:fall_one_cm":3347},"minecraft:picked_up":{"create_new_age:thorium":100,"minecraft:andesite":2,"minecraft:flint":1,"create:raw_zinc":6,"minecraft:oak_log":2,"minecraft:shield":1,"minecraft:golden_boots":1,"minecraft:map":1,"spore:innards":1,"minecraft:dirt":26,"minecraft:raw_copper":46,"minecraft:bone":1,"minecraft:wheat_seeds":1,"create_new_age:magnetite_block":6,"minecraft:iron_ingot":9,"spore:mutated_fiber":8,"minecraft:iron_sword":1,"minecraft:oak_planks":5,"minecraft:egg":3,"minecraft:stick":2,"spore:cerebrum":1,"spore:wing_membrane":1,"spore:armor_fragment":8,"create:andesite_casing":8,"minecraft:gravel":1,"minecraft:diorite":1,"minecraft:white_bed":1,"minecraft:quartz_block":2,"spore:claw_fragment":3,"minecraft:arrow":5,"minecraft:rotten_flesh":2,"minecraft:crossbow":2,"minecraft:cracked_deepslate_bricks":1,"minecraft:emerald":1,"minecraft:white_terracotta":3,"minecraft:bread":64,"spore:alveolic_sack":1,"minecraft:netherrack":17,"minecraft:cobblestone":16},"minecraft:crafted":{"create:depot":1,"minecraft:oak_planks":8,"create_new_age:heat_pipe":4,"create:zinc_nugget":9,"minecraft:copper_ingot":2,"minecraft:air":0,"minecraft:shield":1,"create:mechanical_press":1,"create:shaft":8,"create:zinc_ingot":17,"create_new_age:heat_pump":1},"minecraft:killed":{"spore:braiomil":1,"minecraft:vindicator":5,"spore:brute":1,"minecraft:skeleton":1,"minecraft:pillager":11,"spore:mound":2,"spore:inf_human":2,"minecraft:zombie":2},"minecraft:killed_by":{"minecraft:vindicator":2,"minecraft:pillager":1},"minecraft:dropped":{"minecraft:golden_boots":1,"minecraft:wheat_seeds":1,"minecraft:crossbow":1,"minecraft:rotten_flesh":2,"minecraft:oak_planks":5,"minecraft:andesite":1,"gravestone:obituary":2,"minecraft:bone":1}},"DataVersion":3465}