{"stats":{"minecraft:mined":{"create:zinc_ore":6,"minecraft:white_terracotta":3,"spore:bloomfung2":1,"create:andesite_casing":8,"minecraft:andesite":1,"create_new_age:magnetite_block":6,"spore:growth_mycelium":1,"minecraft:grass_block":1,"minecraft:oak_log":2,"spore:fungal_stem":1,"create_new_age:thorium_ore":27,"minecraft:dirt":1,"minecraft:copper_ore":13,"minecraft:cobblestone":1,"minecraft:stone":16,"minecraft:diorite":1},"minecraft:used":{"minecraft:diorite":1,"create:mechanical_press":1,"minecraft:iron_shovel":2,"minecraft:iron_axe":10,"minecraft:bread":5,"minecraft:iron_pickaxe":76,"minecraft:shield":20,"minecraft:iron_sword":18,"minecraft:dirt":6,"minecraft:cobblestone":16,"create:depot":1},"minecraft:custom":{"minecraft:time_since_rest":33657,"minecraft:waystone_activated":1,"minecraft:interact_with_furnace":6,"minecraft:sprint_one_cm":30388,"minecraft:damage_taken":401,"minecraft:walk_one_cm":36249,"minecraft:damage_blocked_by_shield":795,"minecraft:mob_kills":5,"minecraft:drop":2,"minecraft:damage_dealt":760,"minecraft:interact_with_crafting_table":9,"minecraft:talked_to_villager":1,"minecraft:fly_one_cm":68846,"minecraft:open_chest":26,"minecraft:play_time":33657,"minecraft:crouch_one_cm":1758,"minecraft:walk_under_water_one_cm":807,"minecraft:sneak_time":693,"minecraft:jump":271,"minecraft:interact_with_blast_furnace":7,"minecraft:leave_game":1,"minecraft:time_since_death":33657,"minecraft:total_world_time":33657,"minecraft:walk_on_water_one_cm":1366,"minecraft:climb_one_cm":811},"minecraft:picked_up":{"minecraft:stick":2,"create_new_age:thorium":100,"minecraft:andesite":1,"spore:armor_fragment":1,"create:andesite_casing":8,"minecraft:gravel":1,"minecraft:flint":1,"minecraft:oak_log":2,"create:raw_zinc":6,"minecraft:golden_boots":1,"minecraft:diorite":1,"minecraft:dirt":8,"minecraft:raw_copper":46,"spore:claw_fragment":1,"minecraft:arrow":3,"minecraft:rotten_flesh":2,"minecraft:wheat_seeds":1,"create_new_age:magnetite_block":6,"minecraft:iron_ingot":4,"minecraft:bread":64,"spore:mutated_fiber":4,"minecraft:white_terracotta":3,"spore:alveolic_sack":1,"minecraft:oak_planks":5,"minecraft:cobblestone":16},"minecraft:crafted":{"create:depot":1,"minecraft:oak_planks":8,"minecraft:shield":1,"create:mechanical_press":1,"create_new_age:heat_pipe":4,"create:zinc_nugget":9,"minecraft:copper_ingot":2,"create:shaft":8,"create:zinc_ingot":17,"create_new_age:heat_pump":1,"minecraft:air":0},"minecraft:killed":{"spore:mound":1,"minecraft:zombie":1,"spore:inf_human":1,"spore:braiomil":1},"minecraft:dropped":{"minecraft:rotten_flesh":2,"minecraft:oak_planks":5}},"DataVersion":3465}