{"stats":{"minecraft:mined":{"create:zinc_ore":6,"create:andesite_casing":8,"create_new_age:magnetite_block":6,"gravestone:gravestone":1,"minecraft:grass_block":1,"spore:fungal_stem":1,"create_new_age:thorium_ore":27,"minecraft:copper_ore":13,"minecraft:cobblestone":1,"minecraft:diorite":1,"minecraft:white_terracotta":3,"spore:bloomfung2":1,"minecraft:fire":1,"minecraft:andesite":1,"spore:growth_mycelium":1,"minecraft:oak_log":2,"minecraft:dirt":1,"minecraft:stone":16,"minecraft:netherrack":17},"minecraft:broken":{"minecraft:shield":1},"minecraft:used":{"minecraft:diorite":1,"minecraft:iron_shovel":2,"minecraft:shield":49,"minecraft:iron_sword":72,"minecraft:netherrack":17,"minecraft:dirt":8,"create:depot":1,"create:mechanical_press":1,"minecraft:iron_axe":13,"minecraft:bread":16,"minecraft:iron_pickaxe":94,"minecraft:gravel":1,"minecraft:cobblestone":16},"minecraft:custom":{"minecraft:interact_with_furnace":6,"minecraft:mob_kills":24,"minecraft:interact_with_crafting_table":9,"minecraft:leave_game":1,"minecraft:time_since_death":3166,"minecraft:climb_one_cm":811,"minecraft:damage_resisted":3082,"minecraft:time_since_rest":3199,"minecraft:waystone_activated":1,"minecraft:sprint_one_cm":58454,"minecraft:damage_taken":1405,"minecraft:walk_one_cm":76522,"minecraft:damage_blocked_by_shield":2550,"minecraft:drop":4,"minecraft:damage_dealt":3564,"minecraft:talked_to_villager":1,"minecraft:fly_one_cm":120734,"minecraft:open_chest":26,"minecraft:crouch_one_cm":1758,"minecraft:play_time":45657,"minecraft:deaths":2,"minecraft:sneak_time":765,"minecraft:walk_under_water_one_cm":807,"minecraft:jump":449,"minecraft:interact_with_blast_furnace":7,"minecraft:walk_on_water_one_cm":1366,"minecraft:total_world_time":45657,"minecraft:fall_one_cm":3347},"minecraft:picked_up":{"create_new_age:thorium":100,"minecraft:andesite":1,"minecraft:flint":1,"create:raw_zinc":6,"minecraft:oak_log":2,"minecraft:shield":1,"minecraft:golden_boots":1,"minecraft:map":1,"minecraft:dirt":8,"minecraft:raw_copper":46,"minecraft:bone":1,"minecraft:wheat_seeds":1,"create_new_age:magnetite_block":6,"minecraft:iron_ingot":4,"spore:mutated_fiber":4,"minecraft:iron_sword":1,"minecraft:oak_planks":5,"minecraft:stick":2,"spore:armor_fragment":1,"create:andesite_casing":8,"minecraft:gravel":1,"minecraft:diorite":1,"spore:claw_fragment":1,"minecraft:arrow":5,"minecraft:rotten_flesh":2,"minecraft:crossbow":2,"minecraft:emerald":1,"minecraft:white_terracotta":3,"minecraft:bread":64,"spore:alveolic_sack":1,"minecraft:netherrack":17,"minecraft:cobblestone":16},"minecraft:crafted":{"create:depot":1,"minecraft:oak_planks":8,"create_new_age:heat_pipe":4,"create:zinc_nugget":9,"minecraft:copper_ingot":2,"minecraft:air":0,"minecraft:shield":1,"create:mechanical_press":1,"create:shaft":8,"create:zinc_ingot":17,"create_new_age:heat_pump":1},"minecraft:killed":{"spore:braiomil":1,"minecraft:vindicator":5,"minecraft:skeleton":1,"minecraft:pillager":11,"spore:mound":1,"spore:inf_human":1,"minecraft:zombie":1},"minecraft:killed_by":{"minecraft:vindicator":1,"minecraft:pillager":1},"minecraft:dropped":{"minecraft:crossbow":1,"minecraft:rotten_flesh":2,"minecraft:oak_planks":5,"gravestone:obituary":1}},"DataVersion":3465}