{"stats":{"minecraft:mined":{"create:zinc_ore":6,"minecraft:white_bed":12,"create:andesite_casing":8,"minecraft:sculk_vein":1,"minecraft:granite":2,"spore:calcified_biomass_block":1,"gravestone:gravestone":9,"minecraft:grass_block":1,"spore:fungal_stem":1,"create_new_age:thorium_ore":27,"create:ochrum":17,"minecraft:fire":8,"minecraft:andesite":1,"spore:growth_mycelium":1,"minecraft:stone":335,"create:veridium":2,"create_new_age:magnetite_block":6,"extermination:blood_harvest":7,"minecraft:tall_grass":3,"minecraft:copper_ore":17,"minecraft:cobblestone":6,"spore:membrane_block":1,"minecraft:diorite":3,"minecraft:white_terracotta":3,"spore:bloomfung2":1,"minecraft:grass":6,"minecraft:coal_ore":2,"minecraft:oak_log":2,"minecraft:dripstone_block":2,"minecraft:gravel":6,"minecraft:sand":1,"minecraft:dirt":5,"minecraft:netherrack":17,"minecraft:deepslate":21,"minecraft:fern":1},"minecraft:broken":{"minecraft:shield":1,"minecraft:iron_pickaxe":1},"minecraft:used":{"minecraft:iron_shovel":10,"create:veridium":2,"minecraft:shield":50,"minecraft:iron_sword":176,"minecraft:netherrack":17,"spore:infected_spear":9,"minecraft:dirt":34,"create:depot":1,"minecraft:iron_axe":93,"minecraft:bow":1,"minecraft:egg":1,"minecraft:diorite":1,"minecraft:oak_planks":2,"minecraft:white_bed":11,"minecraft:diamond_pickaxe":15,"create:mechanical_press":1,"minecraft:bread":59,"minecraft:iron_pickaxe":462,"minecraft:map":3,"create:andesite_casing":1,"minecraft:gravel":1,"minecraft:cobblestone":97},"minecraft:custom":{"minecraft:mob_kills":57,"minecraft:interact_with_crafting_table":14,"minecraft:open_barrel":9,"minecraft:leave_game":3,"minecraft:time_since_death":10776,"minecraft:climb_one_cm":1558,"minecraft:damage_resisted":13731,"minecraft:sprint_one_cm":227595,"minecraft:walk_one_cm":293538,"minecraft:damage_blocked_by_shield":2745,"minecraft:drop":26,"minecraft:talked_to_villager":3,"minecraft:play_time":157813,"minecraft:deaths":10,"minecraft:sneak_time":2759,"minecraft:walk_under_water_one_cm":11387,"minecraft:boat_one_cm":113638,"minecraft:jump":1947,"minecraft:interact_with_blast_furnace":8,"minecraft:walk_on_water_one_cm":22852,"minecraft:total_world_time":157813,"minecraft:interact_with_furnace":8,"minecraft:sleep_in_bed":4,"minecraft:time_since_rest":10806,"minecraft:waystone_activated":2,"minecraft:damage_taken":5624,"minecraft:damage_dealt":11941,"minecraft:swim_one_cm":54385,"minecraft:fly_one_cm":596426,"minecraft:open_chest":81,"minecraft:crouch_one_cm":5874,"minecraft:fall_one_cm":23317},"minecraft:picked_up":{"spore:mutated_heart":5,"create_new_age:thorium":100,"spore:calcified_biomass_block":1,"minecraft:chicken":1,"spore:infested_dirt":9,"gravestone:obituary":1,"minecraft:shield":1,"minecraft:string":3,"spore:innards":1,"minecraft:raw_copper":60,"spore:infected_spear":1,"minecraft:cobbled_deepslate":21,"minecraft:oak_boat":1,"minecraft:poppy":7,"minecraft:egg":4,"minecraft:stick":2,"spore:wing_membrane":1,"create:andesite_casing":8,"minecraft:diorite":3,"minecraft:quartz_block":2,"minecraft:arrow":10,"minecraft:rotten_flesh":3,"create:ochrum":13,"minecraft:cracked_deepslate_bricks":1,"create:veridium":2,"minecraft:white_terracotta":3,"spore:alveolic_sack":1,"minecraft:cobblestone":335,"minecraft:andesite":2,"minecraft:filled_map":1,"minecraft:flint":1,"create:raw_zinc":6,"minecraft:oak_log":2,"minecraft:golden_boots":1,"minecraft:gunpowder":2,"minecraft:map":1,"minecraft:dirt":261,"minecraft:bone":9,"minecraft:kelp":6,"minecraft:bow":1,"minecraft:wheat_seeds":6,"create_new_age:magnetite_block":6,"minecraft:iron_ingot":30,"spore:mutated_fiber":52,"minecraft:oak_planks":5,"minecraft:iron_sword":2,"spore:cerebrum":8,"spore:armor_fragment":21,"minecraft:gravel":7,"minecraft:dripstone_block":2,"minecraft:white_bed":11,"minecraft:grass_block":1,"minecraft:spider_eye":3,"spore:claw_fragment":9,"waystones:waystone":1,"minecraft:crossbow":3,"minecraft:granite":4,"minecraft:emerald":1,"minecraft:bread":64,"spore:spine_fragment":4,"minecraft:netherrack":17,"minecraft:coal":2,"minecraft:diamond_pickaxe":1,"minecraft:ender_pearl":1},"minecraft:crafted":{"minecraft:oak_planks":8,"create_new_age:heat_pipe":4,"create:mechanical_press":1,"create_new_age:heat_pump":1,"spore:living_core":1,"biomancy:primordial_core":2,"create:depot":1,"create:zinc_nugget":9,"minecraft:copper_ingot":2,"minecraft:air":0,"minecraft:shield":1,"create:shaft":8,"create:zinc_ingot":17},"minecraft:killed":{"spore:braiomil":1,"minecraft:spider":3,"minecraft:vindicator":5,"minecraft:skeleton":5,"arthropocolypse:wharf_roach":6,"cataclysm:lionfish":1,"cataclysm:deepling_angler":1,"spore:brute":1,"minecraft:creeper":1,"spore:inf_pillager":6,"spore:inf_villager":1,"minecraft:pillager":11,"spore:mound":2,"spore:inf_human":3,"minecraft:zombie":3,"arthropocolypse:mealworm_beetle":2},"minecraft:killed_by":{"minecraft:pillager":1,"spore:inquisitor":2,"spore:inf_pillager":1,"minecraft:vindicator":2,"spore:inf_villager":1,"minecraft:skeleton":3},"minecraft:dropped":{"minecraft:golden_boots":1,"minecraft:iron_sword":1,"minecraft:wheat_seeds":3,"minecraft:crossbow":1,"minecraft:granite":2,"minecraft:dirt":182,"gravestone:obituary":7,"minecraft:bone":2,"minecraft:kelp":6,"minecraft:rotten_flesh":2,"minecraft:oak_planks":5,"minecraft:filled_map":1,"spore:infested_dirt":9,"minecraft:andesite":1}},"DataVersion":3465}