{"stats":{"minecraft:picked_up":{"create_new_age:thorium":100,"minecraft:andesite":1,"spore:armor_fragment":1,"create:andesite_casing":8,"minecraft:oak_log":2,"create:raw_zinc":6,"minecraft:diorite":1,"minecraft:dirt":8,"minecraft:raw_copper":46,"spore:claw_fragment":1,"minecraft:rotten_flesh":2,"minecraft:wheat_seeds":1,"create_new_age:magnetite_block":6,"minecraft:bread":64,"spore:mutated_fiber":1,"minecraft:white_terracotta":3,"spore:alveolic_sack":1,"minecraft:oak_planks":5,"minecraft:cobblestone":16},"minecraft:mined":{"create:zinc_ore":6,"minecraft:white_terracotta":3,"create:andesite_casing":8,"minecraft:andesite":1,"create_new_age:magnetite_block":6,"minecraft:oak_log":2,"minecraft:grass_block":1,"create_new_age:thorium_ore":27,"minecraft:dirt":1,"minecraft:copper_ore":13,"minecraft:cobblestone":1,"minecraft:stone":16,"minecraft:diorite":1},"minecraft:used":{"minecraft:iron_shovel":2,"create:mechanical_press":1,"minecraft:bread":3,"minecraft:iron_axe":10,"minecraft:iron_pickaxe":74,"minecraft:iron_sword":13,"minecraft:dirt":6,"minecraft:cobblestone":16,"create:depot":1},"minecraft:dropped":{"minecraft:rotten_flesh":2,"minecraft:oak_planks":5},"minecraft:killed":{"minecraft:zombie":1,"spore:inf_human":1,"spore:braiomil":1},"minecraft:crafted":{"create:depot":1,"minecraft:oak_planks":8,"create:mechanical_press":1,"create_new_age:heat_pipe":4,"create:zinc_nugget":9,"minecraft:copper_ingot":2,"create:shaft":8,"create_new_age:heat_pump":1,"create:zinc_ingot":17,"minecraft:air":0},"minecraft:custom":{"minecraft:time_since_rest":25942,"minecraft:waystone_activated":1,"minecraft:interact_with_furnace":5,"minecraft:sprint_one_cm":23434,"minecraft:damage_taken":121,"minecraft:walk_one_cm":27200,"minecraft:mob_kills":4,"minecraft:drop":2,"minecraft:damage_dealt":605,"minecraft:talked_to_villager":1,"minecraft:interact_with_crafting_table":7,"minecraft:fly_one_cm":43972,"minecraft:open_chest":26,"minecraft:crouch_one_cm":160,"minecraft:play_time":25942,"minecraft:sneak_time":191,"minecraft:jump":193,"minecraft:leave_game":1,"minecraft:interact_with_blast_furnace":6,"minecraft:time_since_death":25942,"minecraft:walk_on_water_one_cm":838,"minecraft:climb_one_cm":811,"minecraft:total_world_time":25942}},"DataVersion":3465}