{"stats":{"minecraft:mined":{"spore:mycelium_veins":2,"minecraft:soul_fire":8,"minecraft:red_nether_bricks":2,"minecraft:warped_fungus":1,"minecraft:nether_brick_stairs":4,"gravestone:gravestone":3,"minecraft:nether_bricks":3,"minecraft:grass":1,"minecraft:warped_roots":2,"minecraft:smooth_quartz":11,"minecraft:fern":1},"minecraft:used":{"minecraft:diamond_pickaxe":21,"minecraft:diamond_boots":1,"minecraft:bread":2,"minecraft:red_nether_bricks":1,"minecraft:shield":13,"minecraft:iron_helmet":1,"artifacts:eternal_steak":22,"minecraft:smooth_quartz":8,"minecraft:totem_of_undying":1,"minecraft:diamond_chestplate":1,"minecraft:diamond_sword":49,"minecraft:nether_bricks":2,"create_new_age:heat_pump":1,"minecraft:egg":1,"minecraft:nether_brick_stairs":4,"minecraft:iron_leggings":1},"minecraft:custom":{"minecraft:time_since_rest":63,"minecraft:waystone_activated":1,"minecraft:damage_absorbed":42,"minecraft:sprint_one_cm":116186,"minecraft:damage_taken":3133,"minecraft:walk_one_cm":68420,"minecraft:damage_blocked_by_shield":605,"minecraft:mob_kills":11,"minecraft:drop":11,"minecraft:damage_dealt":3145,"minecraft:interact_with_crafting_table":1,"minecraft:fly_one_cm":204791,"minecraft:walk_under_water_one_cm":528,"minecraft:open_chest":10,"minecraft:crouch_one_cm":3600,"minecraft:play_time":31888,"minecraft:deaths":4,"minecraft:sneak_time":1328,"minecraft:interact_with_lectern":1,"minecraft:jump":939,"minecraft:leave_game":1,"minecraft:walk_on_water_one_cm":709,"minecraft:time_since_death":0,"minecraft:climb_one_cm":444,"minecraft:interact_with_smoker":2,"minecraft:total_world_time":31888,"minecraft:damage_resisted":736,"minecraft:fall_one_cm":25432},"minecraft:picked_up":{"minecraft:stick":13,"spore:cerebrum":1,"artifacts:eternal_steak":1,"minecraft:andesite":1,"gravestone:obituary":2,"minecraft:nether_brick_stairs":4,"minecraft:shield":1,"minecraft:rotten_flesh":2,"minecraft:red_nether_bricks":2,"minecraft:iron_leggings":1,"minecraft:arrow":2,"minecraft:bone":3,"minecraft:diamond_chestplate":1,"minecraft:diamond":16,"minecraft:nether_bricks":2,"minecraft:diamond_boots":1,"minecraft:iron_helmet":1,"minecraft:iron_ingot":5,"spore:mutated_fiber":8,"minecraft:totem_of_undying":1,"minecraft:warped_roots":2,"minecraft:emerald":1,"minecraft:bread":64,"minecraft:smooth_quartz":10,"minecraft:egg":1},"minecraft:crafted":{"minecraft:diamond_sword":1,"minecraft:diamond_pickaxe":1,"minecraft:diamond_axe":1},"minecraft:killed":{"minecraft:skeleton":2,"minecraft:evoker":1,"minecraft:pillager":5,"minecraft:vindicator":2},"minecraft:killed_by":{"minecraft:vindicator":2,"minecraft:zombie_villager":1},"minecraft:dropped":{"minecraft:andesite":1,"minecraft:smooth_quartz":2,"minecraft:rotten_flesh":2,"minecraft:warped_roots":2,"gravestone:obituary":5,"minecraft:red_nether_bricks":1,"spore:cerebrum":1}},"DataVersion":3465}