{"stats":{"minecraft:mined":{"minecraft:soul_fire":8,"minecraft:red_nether_bricks":2,"minecraft:warped_fungus":1,"minecraft:nether_brick_stairs":4,"gravestone:gravestone":1,"minecraft:nether_bricks":3,"minecraft:warped_roots":2,"minecraft:smooth_quartz":11},"minecraft:used":{"minecraft:diamond_pickaxe":20,"minecraft:diamond_boots":1,"minecraft:red_nether_bricks":1,"minecraft:shield":9,"minecraft:iron_helmet":1,"artifacts:eternal_steak":13,"minecraft:smooth_quartz":8,"minecraft:totem_of_undying":1,"minecraft:diamond_chestplate":1,"minecraft:diamond_sword":25,"minecraft:egg":1,"minecraft:iron_leggings":1},"minecraft:custom":{"minecraft:time_since_rest":2728,"minecraft:waystone_activated":1,"minecraft:damage_absorbed":42,"minecraft:sprint_one_cm":75286,"minecraft:damage_taken":1893,"minecraft:walk_one_cm":31245,"minecraft:damage_blocked_by_shield":525,"minecraft:mob_kills":8,"minecraft:drop":4,"minecraft:damage_dealt":1529,"minecraft:interact_with_crafting_table":1,"minecraft:fly_one_cm":130181,"minecraft:crouch_one_cm":2862,"minecraft:play_time":19603,"minecraft:deaths":2,"minecraft:sneak_time":1130,"minecraft:interact_with_lectern":1,"minecraft:jump":543,"minecraft:time_since_death":2699,"minecraft:total_world_time":19603,"minecraft:damage_resisted":345,"minecraft:fall_one_cm":14492},"minecraft:picked_up":{"minecraft:stick":12,"spore:cerebrum":1,"artifacts:eternal_steak":1,"minecraft:nether_brick_stairs":4,"minecraft:shield":1,"minecraft:red_nether_bricks":2,"minecraft:iron_leggings":1,"minecraft:arrow":2,"minecraft:bone":3,"minecraft:diamond_chestplate":1,"minecraft:diamond":16,"minecraft:nether_bricks":2,"minecraft:diamond_boots":1,"minecraft:iron_helmet":1,"minecraft:totem_of_undying":1,"minecraft:warped_roots":2,"minecraft:emerald":1,"minecraft:bread":64,"minecraft:smooth_quartz":10,"minecraft:egg":1},"minecraft:crafted":{"minecraft:diamond_sword":1,"minecraft:diamond_pickaxe":1,"minecraft:diamond_axe":1},"minecraft:killed":{"minecraft:skeleton":1,"minecraft:evoker":1,"minecraft:pillager":4,"minecraft:vindicator":1},"minecraft:killed_by":{"minecraft:vindicator":2},"minecraft:dropped":{"gravestone:obituary":2,"minecraft:red_nether_bricks":1,"spore:cerebrum":1}},"DataVersion":3465}