{"stats":{"minecraft:mined":{"minecraft:soul_fire":8,"minecraft:red_nether_bricks":2,"spore:calcified_biomass_block":3,"gravestone:gravestone":4,"minecraft:nether_bricks":3,"minecraft:warped_roots":2,"spore:sicken_biomass_block":3,"spore:membrane_block":3,"spore:mycelium_veins":2,"minecraft:warped_fungus":1,"minecraft:nether_brick_stairs":4,"minecraft:grass":3,"minecraft:smooth_quartz":11,"minecraft:fern":1},"minecraft:custom":{"minecraft:mob_kills":12,"minecraft:interact_with_crafting_table":1,"minecraft:leave_game":1,"minecraft:time_since_death":4143,"minecraft:climb_one_cm":456,"minecraft:damage_resisted":736,"minecraft:time_since_rest":4313,"minecraft:waystone_activated":2,"minecraft:sprint_one_cm":131335,"minecraft:walk_one_cm":79690,"minecraft:damage_taken":3806,"minecraft:damage_absorbed":42,"minecraft:damage_blocked_by_shield":605,"minecraft:drop":14,"minecraft:damage_dealt":3185,"minecraft:fly_one_cm":223073,"minecraft:open_chest":15,"minecraft:crouch_one_cm":3982,"minecraft:play_time":36138,"minecraft:deaths":4,"minecraft:sneak_time":1457,"minecraft:walk_under_water_one_cm":528,"minecraft:interact_with_lectern":1,"minecraft:jump":1099,"minecraft:walk_on_water_one_cm":709,"minecraft:interact_with_smoker":2,"minecraft:total_world_time":36138,"minecraft:fall_one_cm":29142},"minecraft:used":{"minecraft:diamond_boots":1,"minecraft:red_nether_bricks":1,"minecraft:shield":13,"artifacts:eternal_steak":27,"minecraft:diamond_axe":11,"minecraft:nether_bricks":2,"create_new_age:heat_pump":1,"minecraft:nether_brick_stairs":4,"minecraft:diamond_pickaxe":21,"minecraft:bread":5,"minecraft:iron_helmet":1,"minecraft:smooth_quartz":8,"minecraft:totem_of_undying":1,"minecraft:diamond_chestplate":1,"minecraft:diamond_sword":50,"minecraft:egg":1,"minecraft:iron_leggings":1},"minecraft:picked_up":{"minecraft:feather":2,"spore:calcified_biomass_block":3,"artifacts:eternal_steak":1,"spore:sicken_biomass_block":4,"minecraft:andesite":1,"gravestone:obituary":2,"minecraft:shield":1,"minecraft:red_nether_bricks":2,"minecraft:iron_leggings":1,"minecraft:bone":3,"minecraft:iron_ingot":5,"spore:membrane_block":4,"spore:mutated_fiber":8,"minecraft:smooth_quartz":10,"minecraft:egg":1,"minecraft:stick":13,"spore:cerebrum":1,"minecraft:nether_brick_stairs":4,"minecraft:diamond_chestplate":1,"minecraft:arrow":2,"minecraft:rotten_flesh":2,"minecraft:diamond":16,"minecraft:nether_bricks":2,"minecraft:diamond_boots":1,"minecraft:iron_helmet":1,"minecraft:warped_roots":2,"minecraft:emerald":1,"minecraft:bread":64,"minecraft:totem_of_undying":1},"minecraft:crafted":{"minecraft:diamond_sword":1,"minecraft:diamond_axe":1,"minecraft:diamond_pickaxe":1},"minecraft:killed":{"minecraft:evoker":1,"minecraft:vindicator":2,"minecraft:skeleton":2,"minecraft:pillager":5,"minecraft:chicken":1},"minecraft:killed_by":{"minecraft:vindicator":2,"minecraft:zombie_villager":1},"minecraft:dropped":{"minecraft:rotten_flesh":2,"minecraft:warped_roots":2,"spore:cerebrum":1,"spore:membrane_block":1,"minecraft:andesite":1,"minecraft:smooth_quartz":2,"spore:sicken_biomass_block":1,"gravestone:obituary":6,"minecraft:red_nether_bricks":1}},"DataVersion":3465}