{"stats":{"minecraft:mined":{"minecraft:smooth_quartz":6},"minecraft:used":{"minecraft:diamond_chestplate":1,"minecraft:diamond_pickaxe":6,"minecraft:diamond_boots":1,"minecraft:egg":1,"minecraft:iron_helmet":1,"artifacts:eternal_steak":1,"minecraft:iron_leggings":1},"minecraft:custom":{"minecraft:time_since_rest":7603,"minecraft:waystone_activated":1,"minecraft:crouch_one_cm":756,"minecraft:sprint_one_cm":11607,"minecraft:play_time":7603,"minecraft:damage_taken":163,"minecraft:walk_one_cm":7818,"minecraft:sneak_time":249,"minecraft:drop":1,"minecraft:jump":73,"minecraft:damage_dealt":101,"minecraft:time_since_death":7603,"minecraft:total_world_time":7603,"minecraft:interact_with_crafting_table":1,"minecraft:fall_one_cm":1221,"minecraft:fly_one_cm":12300},"minecraft:picked_up":{"minecraft:iron_leggings":1,"minecraft:stick":12,"spore:cerebrum":1,"artifacts:eternal_steak":1,"minecraft:diamond_chestplate":1,"minecraft:diamond":16,"minecraft:diamond_boots":1,"minecraft:iron_helmet":1,"minecraft:bread":64,"minecraft:smooth_quartz":6,"minecraft:shield":1,"minecraft:egg":1},"minecraft:crafted":{"minecraft:diamond_sword":1,"minecraft:diamond_pickaxe":1,"minecraft:diamond_axe":1},"minecraft:dropped":{"spore:cerebrum":1}},"DataVersion":3465}