{"stats":{"minecraft:used":{"minecraft:diamond_chestplate":1,"minecraft:diamond_boots":1,"minecraft:iron_helmet":1,"minecraft:egg":1,"artifacts:eternal_steak":1,"minecraft:iron_leggings":1},"minecraft:custom":{"minecraft:time_since_rest":3376,"minecraft:waystone_activated":1,"minecraft:play_time":3376,"minecraft:crouch_one_cm":137,"minecraft:sprint_one_cm":7783,"minecraft:damage_taken":65,"minecraft:walk_one_cm":6403,"minecraft:sneak_time":62,"minecraft:drop":1,"minecraft:jump":60,"minecraft:damage_dealt":101,"minecraft:time_since_death":3376,"minecraft:total_world_time":3376,"minecraft:fall_one_cm":1012,"minecraft:fly_one_cm":8760},"minecraft:picked_up":{"minecraft:stick":12,"minecraft:iron_leggings":1,"spore:cerebrum":1,"artifacts:eternal_steak":1,"minecraft:diamond_chestplate":1,"minecraft:diamond":16,"minecraft:diamond_boots":1,"minecraft:iron_helmet":1,"minecraft:bread":64,"minecraft:shield":1,"minecraft:egg":1},"minecraft:dropped":{"spore:cerebrum":1}},"DataVersion":3465}