{"stats":{"minecraft:mined":{"minecraft:soul_fire":8,"minecraft:red_nether_bricks":2,"spore:calcified_biomass_block":3,"gravestone:gravestone":5,"minecraft:nether_bricks":3,"minecraft:grass_block":4,"minecraft:warped_roots":2,"spore:sicken_biomass_block":3,"spore:membrane_block":3,"spore:mycelium_veins":2,"minecraft:warped_fungus":1,"minecraft:anvil":1,"minecraft:nether_brick_stairs":4,"minecraft:sculk_shrieker":2,"minecraft:grass":5,"minecraft:smooth_quartz":11,"minecraft:fern":1},"minecraft:broken":{"minecraft:iron_helmet":1,"minecraft:iron_leggings":1},"minecraft:custom":{"minecraft:interact_with_furnace":4,"minecraft:mob_kills":17,"minecraft:interact_with_crafting_table":3,"minecraft:leave_game":1,"minecraft:time_since_death":23533,"minecraft:sleep_in_bed":1,"minecraft:climb_one_cm":630,"minecraft:damage_resisted":736,"minecraft:time_since_rest":8179,"minecraft:waystone_activated":2,"minecraft:sprint_one_cm":189850,"minecraft:walk_one_cm":122099,"minecraft:damage_taken":4990,"minecraft:damage_absorbed":42,"minecraft:damage_blocked_by_shield":1455,"minecraft:trigger_trapped_chest":1,"minecraft:drop":16,"minecraft:damage_dealt":3875,"minecraft:swim_one_cm":24795,"minecraft:fly_one_cm":325145,"minecraft:player_kills":1,"minecraft:open_chest":24,"minecraft:crouch_one_cm":8013,"minecraft:play_time":60138,"minecraft:deaths":5,"minecraft:sneak_time":4040,"minecraft:walk_under_water_one_cm":8578,"minecraft:interact_with_lectern":1,"minecraft:jump":1705,"minecraft:interact_with_blast_furnace":1,"minecraft:walk_on_water_one_cm":19604,"minecraft:interact_with_smoker":2,"minecraft:total_world_time":60138,"minecraft:fall_one_cm":41713},"minecraft:used":{"spore:sicken_biomass_block":3,"minecraft:water_bucket":6,"minecraft:diamond_boots":1,"minecraft:red_nether_bricks":1,"minecraft:shield":22,"artifacts:eternal_steak":40,"minecraft:sculk":6,"minecraft:diamond_axe":11,"minecraft:dirt":4,"minecraft:nether_bricks":2,"create_new_age:heat_pump":1,"minecraft:nether_brick_stairs":4,"spore:calcified_biomass_block":3,"minecraft:diamond_pickaxe":22,"spore:membrane_block":3,"minecraft:bread":6,"minecraft:iron_helmet":1,"minecraft:smooth_quartz":8,"minecraft:totem_of_undying":1,"minecraft:diamond_chestplate":1,"minecraft:diamond_sword":67,"minecraft:cobblestone":1,"minecraft:bucket":7,"minecraft:egg":1,"minecraft:iron_leggings":1},"minecraft:picked_up":{"minecraft:feather":2,"spore:calcified_biomass_block":3,"artifacts:eternal_steak":1,"minecraft:anvil":1,"spore:sicken_biomass_block":4,"minecraft:andesite":1,"gravestone:obituary":3,"minecraft:shield":1,"minecraft:dirt":4,"minecraft:red_nether_bricks":2,"minecraft:iron_leggings":1,"minecraft:bone":5,"minecraft:iron_ingot":5,"spore:membrane_block":4,"spore:mutated_fiber":8,"minecraft:smooth_quartz":10,"minecraft:egg":1,"minecraft:stick":13,"spore:cerebrum":2,"minecraft:nether_brick_stairs":4,"minecraft:diamond_chestplate":1,"minecraft:arrow":2,"minecraft:rotten_flesh":2,"minecraft:diamond":16,"minecraft:nether_bricks":2,"minecraft:diamond_boots":1,"minecraft:iron_helmet":1,"minecraft:warped_roots":2,"minecraft:emerald":1,"minecraft:bread":64,"minecraft:totem_of_undying":1,"minecraft:cobblestone":1},"minecraft:crafted":{"minecraft:diamond_sword":1,"minecraft:diamond_axe":1,"minecraft:bucket":1,"minecraft:diamond_helmet":1,"minecraft:diamond_pickaxe":1},"minecraft:killed":{"minecraft:evoker":1,"minecraft:vindicator":2,"spore:inf_pillager":1,"minecraft:skeleton":3,"minecraft:pillager":5,"minecraft:zombie":2,"minecraft:chicken":1,"arthropocolypse:millipede_head":1},"minecraft:killed_by":{"minecraft:vindicator":2,"minecraft:zombie_villager":1},"minecraft:dropped":{"minecraft:rotten_flesh":2,"minecraft:warped_roots":2,"spore:cerebrum":1,"spore:membrane_block":1,"minecraft:andesite":1,"minecraft:smooth_quartz":2,"spore:sicken_biomass_block":1,"gravestone:obituary":8,"minecraft:red_nether_bricks":1}},"DataVersion":3465}