{"stats":{"minecraft:mined":{"minecraft:mossy_cobblestone":4,"minecraft:soul_fire":8,"minecraft:red_nether_bricks":2,"spore:calcified_biomass_block":3,"gravestone:gravestone":8,"minecraft:nether_bricks":3,"minecraft:grass_block":4,"minecraft:warped_roots":2,"minecraft:cobblestone":12,"spore:sicken_biomass_block":3,"spore:membrane_block":3,"minecraft:sculk":1,"minecraft:diorite":2,"minecraft:spawner":1,"spore:mycelium_veins":2,"minecraft:iron_ore":1,"minecraft:cobbled_deepslate":10,"minecraft:warped_fungus":1,"minecraft:anvil":3,"minecraft:nether_brick_stairs":4,"minecraft:sculk_shrieker":2,"minecraft:grass":5,"minecraft:coal_ore":6,"minecraft:dirt":3,"minecraft:smooth_quartz":11,"minecraft:stone":23,"minecraft:deepslate":45,"minecraft:fern":1},"minecraft:broken":{"minecraft:diamond_boots":1,"minecraft:iron_helmet":1,"minecraft:iron_leggings":1},"minecraft:custom":{"minecraft:interact_with_furnace":4,"minecraft:mob_kills":22,"minecraft:interact_with_crafting_table":3,"minecraft:leave_game":2,"minecraft:time_since_death":5487,"minecraft:sleep_in_bed":1,"minecraft:climb_one_cm":630,"minecraft:damage_resisted":736,"minecraft:time_since_rest":5515,"minecraft:waystone_activated":4,"minecraft:sprint_one_cm":239454,"minecraft:walk_one_cm":170173,"minecraft:damage_taken":10104,"minecraft:damage_absorbed":42,"minecraft:damage_blocked_by_shield":1455,"minecraft:trigger_trapped_chest":1,"minecraft:drop":25,"minecraft:damage_dealt":5303,"minecraft:swim_one_cm":75278,"minecraft:fly_one_cm":370866,"minecraft:player_kills":3,"minecraft:open_chest":36,"minecraft:crouch_one_cm":20342,"minecraft:play_time":87694,"minecraft:deaths":7,"minecraft:sneak_time":10735,"minecraft:walk_under_water_one_cm":14905,"minecraft:interact_with_lectern":1,"minecraft:jump":2514,"minecraft:interact_with_blast_furnace":1,"minecraft:walk_on_water_one_cm":20526,"minecraft:interact_with_smoker":2,"minecraft:total_world_time":87694,"minecraft:fall_one_cm":54848},"minecraft:used":{"spore:sicken_biomass_block":3,"minecraft:water_bucket":11,"minecraft:diorite":3,"minecraft:diamond_boots":2,"minecraft:red_nether_bricks":1,"minecraft:shield":22,"artifacts:eternal_steak":52,"minecraft:sculk":7,"minecraft:diamond_axe":11,"minecraft:mossy_cobblestone":3,"minecraft:dirt":10,"minecraft:anvil":1,"minecraft:nether_bricks":2,"create_new_age:heat_pump":1,"minecraft:diamond_helmet":1,"minecraft:nether_brick_stairs":4,"spore:calcified_biomass_block":3,"minecraft:lava_bucket":1,"minecraft:diamond_pickaxe":130,"spore:membrane_block":3,"minecraft:bread":6,"minecraft:iron_helmet":1,"minecraft:smooth_quartz":8,"minecraft:totem_of_undying":1,"minecraft:diamond_chestplate":2,"minecraft:diamond_sword":97,"minecraft:cobblestone":37,"travelersbackpack:standard":2,"minecraft:bucket":13,"minecraft:egg":1,"minecraft:cobbled_deepslate":55,"minecraft:iron_leggings":1,"minecraft:experience_bottle":2},"minecraft:picked_up":{"minecraft:feather":2,"spore:calcified_biomass_block":3,"artifacts:eternal_steak":1,"minecraft:anvil":2,"spore:sicken_biomass_block":4,"minecraft:andesite":1,"minecraft:diamond_sword":1,"minecraft:potato":1,"gravestone:obituary":4,"minecraft:shield":1,"minecraft:cobblestone_stairs":1,"minecraft:dirt":12,"minecraft:red_nether_bricks":2,"minecraft:iron_leggings":1,"minecraft:bone":5,"minecraft:cobbled_deepslate":56,"minecraft:iron_ingot":5,"spore:membrane_block":4,"spore:mutated_fiber":8,"minecraft:smooth_quartz":10,"minecraft:diamond_helmet":1,"minecraft:raw_iron":1,"minecraft:egg":1,"minecraft:stick":13,"spore:cerebrum":2,"minecraft:nether_brick_stairs":4,"minecraft:diorite":3,"minecraft:mossy_cobblestone":4,"minecraft:diamond_chestplate":2,"minecraft:arrow":2,"minecraft:rotten_flesh":5,"minecraft:diamond":16,"minecraft:nether_bricks":2,"minecraft:diamond_boots":2,"minecraft:iron_helmet":1,"minecraft:warped_roots":2,"minecraft:emerald":1,"minecraft:bread":64,"minecraft:totem_of_undying":1,"minecraft:coal":7,"minecraft:cobblestone":50},"minecraft:crafted":{"minecraft:diamond_sword":1,"minecraft:diamond_axe":1,"minecraft:bucket":1,"minecraft:diamond_helmet":1,"minecraft:diamond_pickaxe":1},"minecraft:killed":{"minecraft:evoker":1,"minecraft:vindicator":2,"spore:inf_pillager":1,"minecraft:skeleton":3,"minecraft:pillager":5,"minecraft:zombie":7,"minecraft:chicken":1,"arthropocolypse:millipede_head":1},"minecraft:killed_by":{"minecraft:vindicator":2,"minecraft:zombie_villager":1,"minecraft:player":1},"minecraft:dropped":{"minecraft:wheat_seeds":1,"minecraft:mossy_cobblestone":1,"minecraft:raw_iron":1,"minecraft:rotten_flesh":2,"minecraft:warped_roots":2,"spore:cerebrum":1,"spore:membrane_block":1,"minecraft:diamond_sword":1,"minecraft:potato":1,"minecraft:andesite":1,"minecraft:smooth_quartz":2,"spore:sicken_biomass_block":1,"gravestone:obituary":11,"minecraft:red_nether_bricks":1,"minecraft:bone":1}},"DataVersion":3465}